Handle,Option1 Name,Option1 Value,Option2 Name,Option2 Value,Option3 Name,Option3 Value,Variant SKU,Variant Price,Variant Compare At Price
100-castor-oil-2oz,Title,Default Title,,,,,65324No ColorOS,12,
8-pack-hair-coils-brunette,Title,Default Title,,,,,5119NCOS,12,
adjustable-oversized-satin-bonnet-aura,Title,Default Title,,,,,69933No ColorOS,22,
adjustable-oversized-satin-bonnet-blush,Title,Default Title,,,,,69919No ColorOS,22,
adjustable-oversized-satin-bonnet-charcoal,Title,Default Title,,,,,69926No ColorOS,22,
adjustable-oversized-satin-bonnet-haze-blue,Title,Default Title,,,,,69940No ColorOS,22,
african-net-sponge-aqua-grey,Title,Default Title,,,,,507736,10,
african-net-sponge-berry-pink,Title,Default Title,,,,,507712,10,
african-net-sponge-rosewood,Title,Default Title,,,,,507705,10,
all-dressed-up-rhinestone-bobby-pins-4pc-set,Title,Default Title,,,,,64662No ColorOS,10,
amber-shores-cleansing-body-wash-bar,Title,Default Title,,,,,506425,8,
amber-shores-hair-perfume,Title,Default Title,,,,,69858No ColorOS,20,
assorted-satin-sleep-scrunchies,Title,Default Title,,,,,5427NCONE SIZE,10,
assorted-textured-scrunchies-5pc-black,Title,Default Title,,,,,5922NCOS,10,
assorted-textured-scrunchies-5pc-set-terracotta,Title,Default Title,,,,,5379 NWNCOS,10,
banana-clip-2pc-black-and-tort,Title,Default Title,,,,,60022No ColorOS,15,
basics-hair-ties-1,Title,Default Title,,,,,4187NCOS,7,
black-active-headbands,Title,Default Title,,,,,505718,10,
black-cat-lace-headband-mask,Title,Default Title,,,,,500690,12,
black-chocolate-oversized-scrunchies,Title,Default Title,,,,,503349,12,
black-chocolate-satin-velvet-headbands,Title,Default Title,,,,,503813,14,
black-flat-cloud-clip-large,Title,Default Title,,,,,503561,10,
black-flat-cloud-clip-medium,Title,Default Title,,,,,503578,9,
black-flat-cloud-clip-small,Title,Default Title,,,,,503585,8,
black-lymphatic-contour-face-brush,Title,Default Title,,,,,515595,10,
black-petal-hair-elastics,Title,Default Title,,,,,508726,10,
black-ribbed-hair-elastics,Title,Default Title,,,,,508757,10,
black-rosette-ruched-satin-scrunchies,Title,Default Title,,,,,508559,14,
black-ruffle-scrunchie,Title,Default Title,,,,,503332,14,
black-satin-ultra-petite-scrunchies-6pc-set,Title,Default Title,,,,,509679,10,
black-seamless-hair-elastics-8pc-set,Title,Default Title,,,,,68899No ColorOS,8,
black-set-flow-active-headband,Title,Default Title,,,,,506463,28,
black-smooth-polish-brush,Title,Default Title,,,,,505763,22,
black-tort-cloud-cuffs-medium,Title,Default Title,,,,,500928,9,
black-tort-cloud-cuffs-small,Title,Default Title,,,,,502731,8,
black-tort-micro-cloud-clip-set,Title,Default Title,,,,,502748,12,
blue-orchid-chiffon-bow-hair-clip,Title,Default Title,,,,,69346No ColorOS,10,
blue-orchid-cloud-claw-clip-medium,Title,Default Title,,,,,68875No ColorOS,8,
blue-orchid-flat-cloud-clip-large,Title,Default Title,,,,,69018No ColorOS,10,
blush-contour-pillow-eye-mask,Title,Default Title,,,,,69124,35,
blush-petal-hair-elastics,Title,Default Title,,,,,508733,10,
blush-ribbed-hair-elastics,Title,Default Title,,,,,508764,12,
body-dry-brush,Title,Default Title,,,,,8312No ColorOS,20,
body-wash-beauty-bar-bag-chocolate,Title,Default Title,,,,,60534NCOS,5,
bond-repair-solid-treatment,Title,Default Title,,,,,61593No ColorOS,20,
bottle-free-beauty-bar-bag-blush,Title,Default Title,,,,,5496NCOS,5,
bottle-free-beauty-bar-bag-coral,Title,Default Title,,,,,5632NCOS,6,
bottle-free-beauty-bar-conditioner-bag-black,Title,Default Title,,,,,5977NCOS,6,
bridgerton-x-kitsch-breathable-satin-bonnet-garden-toile,Title,Default Title,,,,,507422,24,
bridgerton-x-kitsch-king-satin-pillowcase-garden-toile,Title,Default Title,,,,,507385,28,
bridgerton-x-kitsch-king-satin-pillowcase-wisteria,Title,Default Title,,,,,507408,28,
bridgerton-x-kitsch-pillow-scrunchies-r-in-satin-2pc-set-toile-in-bloom,Title,Default Title,,,,,507439,23,
bridgerton-x-kitsch-recycled-plastic-creaseless-clips-4pc-set-toile-in-bloom,Title,Default Title,,,,,508900,16,
bridgerton-x-kitsch-satin-lined-flexi-shower-cap-wisteria,Title,Default Title,,,,,508917,26,
bridgerton-x-kitsch-satin-rosette-medium-flat-cloud-clip-wisteria,Title,Default Title,,,,,507415,16,
bridgerton-x-kitsch-standard-satin-pillowcase-garden-toile,Title,Default Title,,,,,507378,22,
bridgerton-x-kitsch-standard-satin-pillowcase-wisteria,Title,Default Title,,,,,507392,22,
brunette-hair-coils,Title,Default Title,,,,,8080NCOS,5.99,
bt21-x-kitsch-claw-clip-organizer,Title,Default Title,,,,,66406No ColorOS,15,
bt21-x-kitsch-recycled-plastic-puffy-claw-clip-1pc-chimmy,Title,Default Title,,,,,66369No ColorOS,12,
bt21-x-kitsch-recycled-plastic-puffy-claw-clip-1pc-cooky,Title,Default Title,,,,,66383No ColorOS,12,
bt21-x-kitsch-recycled-plastic-puffy-claw-clip-1pc-koya,Title,Default Title,,,,,66321No ColorOS,12,
bt21-x-kitsch-recycled-plastic-puffy-claw-clip-1pc-mang,Title,Default Title,,,,,66352No ColorOS,12,
bt21-x-kitsch-recycled-plastic-puffy-claw-clip-1pc-rj,Title,Default Title,,,,,66338No ColorOS,12,
bt21-x-kitsch-recycled-plastic-puffy-claw-clip-1pc-shooky,Title,Default Title,,,,,66345No ColorOS,12,
bt21-x-kitsch-recycled-plastic-puffy-claw-clip-1pc-tata,Title,Default Title,,,,,66376No ColorOS,12,
bt21-x-kitsch-recycled-plastic-puffy-claw-clip-1pc-van,Title,Default Title,,,,,66390No ColorOS,12,
bt21-x-kitsch-satin-sleep-scrunchies-4pc-set,Title,Default Title,,,,,66581No ColorOS,10,
bun-twists-brown,Title,Default Title,,,,,1166No ColorOS,8,
camel-ruffle-scrunchie,Title,Default Title,,,,,503837,14,
castor-oil-conditioner-bar-bag,Title,Default Title,,,,,501437No ColorOS,5,
castor-oil-conditioner-bar-saver-bag,Title,Default Title,,,,,506227,5,
castor-oil-nourishing-conditioner,Title,Default Title,,,,,505978,16,
castor-oil-nourishing-shampoo,Title,Default Title,,,,,505961,16,
castor-oil-shampoo-bar-bag,Title,Default Title,,,,,501444No ColorOS,5,
castor-oil-shampoo-bar-saver-bag,Title,Default Title,,,,,506234,5,
castor-oil-solid-conditioner,Title,Default Title,,,,,66826No ColorOS,16,
ceramic-thermal-roller-variety-pack,Title,Default Title,,,,,1135No ColorOS,14,
charcoal-contour-pillow-eye-mask,Title,Default Title,,,,,69131,35,
charcoal-detoxifying-body-wash-bar,Title,Default Title,,,,,7575NCOS,14,
cherry-blossom-cloud-claw-clips-8pc-set-mini,Title,Default Title,,,,,500393No ColorOS,10,
cherry-blossom-dermaplaners-6pc-set,Title,Default Title,,,,,501420No ColorOS,15,
cherry-blossom-ruched-satin-scrunchies-5pc-set,Title,Default Title,,,,,500423No ColorOS,12,
cherry-flat-cloud-clip-medium,Title,Default Title,,,,,500447No ColorOS,9,
cherry-print-cloud-claw-clip-medium,Title,Default Title,,,,,500409,12,
cherry-print-creaseless-clips-4pc-set,Title,Default Title,,,,,500577No ColorOS,12,
cherry-print-oversized-satin-bonnet,Title,Default Title,,,,,500621No ColorOS,22,
cherry-print-satin-shower-cap,Title,Default Title,,,,,69957No ColorOS,29,
cherry-print-xl-hair-towel-wrap,Title,Default Title,,,,,69964No ColorOS,38,
cherry-rhinestone-claw-clips-2pc-set-mini,Title,Default Title,,,,,500584No ColorOS,12,
chocolate-seamless-hair-elastics-20pc-set,Title,Default Title,,,,,508740,8,
clarifying-shampoo-bar,Title,Default Title,,,,,5458NCOS,16,
cleansing-tart-cherry-body-wash,Title,Default Title,,,,,69179No ColorOS,12,
clear-black-no-snag-elastics-cutter-set,Title,Default Title,,,,,514222,9,
coastal-blue-plush-microfiber-hair-towel-turban-with-bow,Title,Default Title,,,,,510651,30,
coastal-cottage-multi-color-ruched-satin-scrunchies,Title,Default Title,,,,,509235,12,
coastal-sorbet-hair-perfume,Title,Default Title,,,,,509709,20,
coconut-oil-conditioner-for-dry-damaged-hair,Title,Default Title,,,,,505954,16,
coconut-oil-deep-moisturizing-solid-conditioner-bar,Title,Default Title,,,,,,14,
coconut-oil-deep-moisturizing-solid-shampoo-bar,Title,Default Title,,,,,64938NCOS,16,
coconut-oil-shampoo-for-dry-damaged-hair,Title,Default Title,,,,,505947,16,
consciously-created-wet_dry-brush,Title,Default Title,,,,,4963NCOS,16,
consciously-created-wide-tooth-comb,Title,Default Title,,,,,4949NCOS,12,
continuous-spray-black,Title,Default Title,,,,,64426No ColorOS,12,
continuous-spray-terracotta,Title,Default Title,,,,,64808No ColorOS,12,
continuous-spray-white,Title,Default Title,,,,,64815No ColorOS,12,
cotton-face-mask-3pc-set-sunset-tie-dye,Color,NC,Size,OS,,,6974NCOS,12,
cream-camel-oversized-scrunchies,Title,Default Title,,,,,503851,12,
cream-camel-satin-velvet-headbands,Title,Default Title,,,,,503554,14,
creaseless-clips-4pc-set-black-terrazzo,Title,Default Title,,,,,7766No ColorOS,10,
crepe-scrunchie-5pc-terra-cotta,Title,Default Title,,,,,6097NCOS,12,
crochet-scrunchie-butter-yellow,Title,Default Title,,,,,509334,14,
crochet-scrunchie-seafoam-blue,Title,Default Title,,,,,509341,14,
deep-moisturizing-conditioner-bar,Title,Default Title,,,,,5465NCOS,16,
dermaplaner,Title,Default Title,,,,,5454No ColorOS,15,
dermaplaning-oil,Title,Default Title,,,,,500591No ColorOS,19,
detail-define-styling-brush-set,Title,Default Title,,,,,505848 DTC,10,
detangling-brush-1pc-black,Title,Default Title,,,,,66284No ColorOS,12,
detangling-brush-1pc-haze-blue,Title,Default Title,,,,,67120No ColorOS,12,
detangling-brush-1pc-terracotta,Title,Default Title,,,,,67137No ColorOS,14,
detangling-flexi-brush-black,Title,Default Title,,,,,504216,22,
detangling-flexi-brush-haze-blue,Title,Default Title,,,,,504247,22,
detangling-flexi-brush-soft-violet,Title,Default Title,,,,,504230,22,
detangling-flexi-brush-terracotta,Title,Default Title,,,,,504223,22,
detox-shampoo-bar,Title,Default Title,,,,,508252,16,
eco-friendly-brunch-scrunchie-leopard,Title,Default Title,,,,,6219NCOS,10,
eco-friendly-chain-claw-clip-3pc-set-black-moss,Title,Default Title,,,,,8589No ColorOS,9,
eco-friendly-chain-claw-clip-3pc-set-neutral,Title,Default Title,,,,,8350No ColorOS,11,
eco-friendly-elastic-cutters-3pcset,Title,Default Title,,,,,8169No ColorOS,7,
eco-friendly-exfoliating-glove-leopard,Title,Default Title,,,,,8268No ColorOS,10,
eco-friendly-hair-brush-cleaner,Title,Default Title,,,,,8152No ColorOS,12,
eco-friendly-hair-towel,Title,Default Title,,,,,5250NCOS,27,
eco-friendly-hair-towel-black,Title,Default Title,,,,,6363NCOS,27,
eco-friendly-jumbo-open-shape-claw-clip-black,Title,Default Title,,,,,8190No ColorOS,14,
eco-friendly-large-claw-clip-black,Title,Default Title,,,,,4871NCOS,8,
eco-friendly-marble-claw-clip-blush,Title,Default Title,,,,,6295NCOS,10,
eco-friendly-medium-claw-clips-2pc-set-black,Title,Default Title,,,,,4888NCOS,10,
eco-friendly-nylon-elastics-20pc-eucalyptus,Title,Default Title,,,,,60152No ColorOS,8,
eco-friendly-nylon-elastics-20pc-set-black,Title,Default Title,,,,,5298NCOS,8,
eco-friendly-nylon-elastics-20pc-set-blush,Title,Default Title,,,,,5304NCOS,8,
eco-friendly-oversized-matte-claw-clip,Title,Default Title,,,,,6325NCOS,11,
eco-friendly-spray-bottle,Title,Default Title,,,,,8176No ColorOS,4,
elf-x-kitsch-glitter-claw-clip,Title,Default Title,,,,,61937No ColorOS,10,
elf-x-kitsch-king-satin-pillowcase-periwinkle-christmas,Title,Default Title,,,,,64181No ColorOS,28,
elf-x-kitsch-satin-heatless-curling-set-candy-cane,Title,Default Title,,,,,61968No ColorOS,20,
elf-x-kitsch-satin-pillowcase-king-north-pole,Title,Default Title,,,,,67151No ColorOS,26,
elf-x-kitsch-scrunchies-2pc-set,Title,Default Title,,,,,61944No ColorOS,12,
enamel-snap-clips-4pc-terracotta-1,Title,Default Title,,,,,60053No ColorOS,8,
essential-bobby-pin-black,Title,Default Title,,,,,1399NCONE SIZE,5,
essential-bobby-pin-blonde,Title,Default Title,,,,,1412NCONE SIZE,5,
essential-bobby-pin-tortoise,Title,Default Title,,,,,1405NCONE SIZE,5,
eucalyptus-velvet-xl-flexi-rods-4pc-set,Title,Default Title,,,,,68844NCOS,20,
eucalyptus-velvet-xl-heatless-curling-set,Title,Default Title,,,,,68837,22,
exfoliating-glove-2pc-black-terracotta,Title,Default Title,,,,,66574No ColorOS,16,
exfoliating-glove-black,Title,Default Title,,,,,66925No ColorOS,10,
extra-large-quick-dry-hair-towel-wrap-terracotta-checker,Title,Default Title,,,,,60695No ColorOS,38,
extra-long-rhinestone-bobby-pins-4pc-set,Title,Default Title,,,,,61883No ColorOS,10,
extra-wide-spa-headband-dusty-rose,Title,Default Title,,,,,8275No ColorOS,10,
flat-lay-claw-clip-2pc-curved-black-tort,Title,Default Title,,,,,60008No ColorOS,9,
flat-lay-claw-clip-3pc-flat-terracotta,Title,Default Title,,,,,60039No ColorOS,10,
friends-forever-necklace-earring-set,Color,NC,Size,OS,,,4996NCOS,22.62,
garden-bouquet-active-headbands-3pc-set,Title,Default Title,,,,,501635No ColorOS,10,
garden-bouquet-cloud-claw-clips-8pc-set-mini,Title,Default Title,,,,,69209No ColorOS,10,
garden-bouquet-cloud-gem-bobby-pins-8pc-set,Title,Default Title,,,,,69445No ColorOS,10,
garden-bouquet-cloud-scrunchies-3pc-set,Title,Default Title,,,,,68882No ColorOS,12,
garden-bouquet-ruched-satin-scrunchies-5pc-set,Title,Default Title,,,,,501598No ColorOS,10,
garden-bouquet-seamless-hair-elastics-8pc-set,Title,Default Title,,,,,68905No ColorOS,8,
garden-bouquet-wide-twist-headbands-2pc-set,Title,Default Title,,,,,69360No ColorOS,12,
gift-of-glam-creaseless-clips-2pc-set-rhinestone,Title,Default Title,,,,,64679No ColorOS,10,
gingham-blue-satin-lined-flexi-shower-cap,Title,Default Title,,,,,513706,24,
gingham-blue-xl-hair-towel-wrap,Title,Default Title,,,,,513690,26,
glass-hair-shine-serum,Title,Default Title,,,,,503998,15,
glazey-blush,Title,Default Title,,,,,9067No ColorOS,118,
glazey-charcoal,Title,Default Title,,,,,9494No ColorOS,118,
glazey-satin-lined-beanie-black,Title,Default Title,,,,,507606,22,
glazey-satin-lined-beanie-blush,Title,Default Title,,,,,507644,22,
glycolic-acid-exfoliating-face-and-body-wash,Title,Default Title,,,,,504650,14,
gold-bow-french-hair-pin-mini,Title,Default Title,,,,,507545,14,
gold-french-hair-pin,Title,Default Title,,,,,64266No ColorOS,14,
gold-metal-barrette-french-hair-pin-mini,Title,Default Title,,,,,508641,14,
gold-metal-barrettes,Title,Default Title,,,,,502717,12,
gold-metal-cloud-cuff-large,Title,Default Title,,,,,69377No ColorOS,10,
gold-metal-cloud-cuff-medium,Title,Default Title,,,,,69322No ColorOS,9,
gold-metal-cloud-cuff-small,Title,Default Title,,,,,68943No ColorOS,8,
gold-metal-pony-pins,Title,Default Title,,,,,502724,14,
gold-mini-metal-french-hair-pin-clips,Title,Default Title,,,,,508689,16,
hair-by-chrissy-x-kitsch-ceramic-thermal-rollers-8pc-set,Title,Default Title,,,,,500331No ColorOS,18,
hair-catcher,Title,Default Title,,,,,65805No ColorOS,10,
hair-towel-figure-drawing,Color,NC,Size,OS,,,5885NCOS,23,
hair-wax-stick,Title,Default Title,,,,,64976No ColorOS,16,
harry-potter-x-kitsch-recycled-plastic-claw-clip-1pc-gryffindor,Title,Default Title,,,,,66697No ColorOS,10,
harry-potter-x-kitsch-recycled-plastic-claw-clip-1pc-hufflepuff,Title,Default Title,,,,,66703No ColorOS,10,
harry-potter-x-kitsch-recycled-plastic-claw-clip-1pc-ravenclaw,Title,Default Title,,,,,66994No ColorOS,10,
harry-potter-x-kitsch-recycled-plastic-claw-clip-1pc-slytherin,Title,Default Title,,,,,65171No ColorOS,10,
harry-potter-x-kitsch-satin-pillowcase-king-gryffindor,Title,Default Title,,,,,66659No ColorOS,26,
harry-potter-x-kitsch-satin-pillowcase-king-hufflepuff,Title,Default Title,,,,,66666No ColorOS,26,
harry-potter-x-kitsch-satin-pillowcase-king-ravenclaw,Title,Default Title,,,,,66673No ColorOS,26,
harry-potter-x-kitsch-satin-pillowcase-king-slytherin,Title,Default Title,,,,,66680No ColorOS,26,
harry-potter-x-kitsch-satin-pillowcase-standard-gryffindor,Title,Default Title,,,,,66611No ColorOS,22,
harry-potter-x-kitsch-satin-pillowcase-standard-hufflepuff,Title,Default Title,,,,,66628No ColorOS,22,
harry-potter-x-kitsch-satin-pillowcase-standard-ravenclaw,Title,Default Title,,,,,66635No ColorOS,22,
harry-potter-x-kitsch-satin-pillowcase-standard-slytherin,Title,Default Title,,,,,66642No ColorOS,22,
harry-potter-x-kitsch-satin-scrunchies-4pc-set,Title,Default Title,,,,,65355No ColorOS,10,
harry-potter-x-kitsch-satin-wrapped-hair-towel-gryffindor,Title,Default Title,,,,,66710No ColorOS,29,
harry-potter-x-kitsch-satin-wrapped-hair-towel-hufflepuff,Title,Default Title,,,,,66727No ColorOS,29,
harry-potter-x-kitsch-satin-wrapped-hair-towel-ravenclaw,Title,Default Title,,,,,66734No ColorOS,29,
harry-potter-x-kitsch-satin-wrapped-hair-towel-slytherin,Title,Default Title,,,,,66741No ColorOS,29,
haze-blue-smooth-polish-brush,Title,Default Title,,,,,505794,22,
heat-protectant-styling-mist,Title,Default Title,,,,,69452No ColorOS,19,
hello-kitty-x-kitsch-glazey-pink-kitty-faces,Title,Default Title,,,,,66505No ColorOS,125,
hello-kitty-x-kitsch-pillowcase-king-kitty-bathes-in-a-sea-of-bows,Title,Default Title,,,,,65829No ColorOS,26,
hello-kitty-x-kitsch-pillowcase-king-pink-kitty-faces,Title,Default Title,,,,,65782No ColorOS,26,
hello-kitty-x-kitsch-pillowcase-king-solid-ivory-kitty-bow,Title,Default Title,,,,,65652No ColorOS,26,
hello-kitty-x-kitsch-pillowcase-king-solid-pink-kitty-face,Title,Default Title,,,,,65645No ColorOS,26,
hello-kitty-x-kitsch-pillowcase-standard-kitty-bathes-in-a-sea-of-bows,Title,Default Title,,,,,65812No ColorOS,22,
hello-kitty-x-kitsch-pillowcase-standard-pink-kitty-faces,Title,Default Title,,,,,65775No ColorOS,22,
hello-kitty-x-kitsch-pillowcase-standard-solid-ivory-kitty-bow,Title,Default Title,,,,,65638No ColorOS,22,
hello-kitty-x-kitsch-pillowcase-standard-solid-pink-kitty-face,Title,Default Title,,,,,65621No ColorOS,22,
hello-kitty-x-kitsch-recycled-fabric-puffy-scrunchies-3pc-set,Title,Default Title,,,,,65713No ColorOS,14,
hello-kitty-x-kitsch-recycled-plastic-assorted-claw-clips-3pc-set,Title,Default Title,,,,,66970No ColorOS,12,
hello-kitty-x-kitsch-recycled-plastic-bow-shape-claw-clip-1pc,Title,Default Title,,,,,66987No ColorOS,12,
hello-kitty-x-kitsch-recycled-plastic-jumbo-open-shape-claw-clip-1pc-pink-kitty-faces,Title,Default Title,,,,,66819No ColorOS,12,
hello-kitty-x-kitsch-recycled-plastic-puffy-claw-clip-1pc-kitty-bows,Title,Default Title,,,,,65690No ColorOS,10,
hello-kitty-x-kitsch-recycled-plastic-puffy-claw-clip-1pc-kitty-face,Title,Default Title,,,,,65683No ColorOS,10,
hello-kitty-x-kitsch-sleep-mist-strawberry,Title,Default Title,,,,,65911No ColorOS,19,
hello-kitty-x-kitsch-xl-heatless-curling-set-pink-kitty-faces,Title,Default Title,,,,,65676NCOS,23,
hematite-french-hair-pin,Title,Default Title,,,,,501956No ColorOS,14,
holiday-gemstone-and-bow-bobby-pins,Title,Default Title,,,,,504612,10,
holiday-gemstone-french-hair-pin,Title,Default Title,,,,,503714,16,
holiday-recycled-plastic-claw-clip-1pc-tort,Title,Default Title,,,,,66789No ColorOS,8,
holiday-red-pink-bubble-hair-ties,Title,Default Title,,,,,503738,12,
holiday-ruched-satin-scrunchies-7pc-set,Title,Default Title,,,,,513362,10,
holiday-scrunchies-3pc-set-multi-color,Title,Default Title,,,,,511917,10,
holiday-velvet-gemstone-bow-hair-clip,Title,Default Title,,,,,503660,12,
holiday-white-gemstone-bobby-pins,Title,Default Title,,,,,503721,8,
holiday-white-rhinestone-cloud-cuff-medium,Title,Default Title,,,,,504629,10,
humidity-blocking-frizz-shield-spray,Title,Default Title,,,,,505992,26,
hydrangea-breeze-cloud-claw-clip-medium,Title,Default Title,,,,,68912No ColorOS,8,
hydrangea-breeze-flat-cloud-clip-medium,Title,Default Title,,,,,69025No ColorOS,9,
ice-roller,Title,Default Title,,,,,5447NCOS,21,
jojoba-bead-exfoliating-body-wash-bar,Title,Default Title,,,,,504667,14,
jumbo-classic-claw-clips-2pc,Title,Default Title,,,,,6578NCOS,12,
king-pillowcase-aura,Title,Default Title,,,,,60787NCOS,36,
king-pillowcase-blush,Title,Default Title,,,,,4789NCOS,36,
king-pillowcase-ivory,Title,Default Title,,,,,4772NCOS,36,
king-pillowcase-leopard,Title,Default Title,,,,,5236NCOS,36,
king-satin-pillowcase-haze-blue,Title,Default Title,,,,,65164No ColorOS,36,
king-satin-pillowcase-silver,Title,Default Title,,,,,65836No ColorOS,36,
kitsch-amber-shores-hair-perfume-20-ml,Title,Default Title,,,,,512976,10,
kitsch-beachy-gelato-hair-perfume,Title,Default Title,,,,,509693,20,
kitsch-compact-mirror-keychain-terracotta,Title,Default Title,,,,,507583,22,
kitsch-hair-volumizing-clip-2pc-set-terracotta,Title,Default Title,,,,,507811,8,
kitsch-large-thermal-round-brush-haze-blue,Title,Default Title,,,,,504285,49.99,
kitsch-luxe-shower-cap-blush-dot,Title,Default Title,,,,,0842NCOS,29,
kitsch-pro-no-snag-mini-gummy-elastic,Title,Default Title,,,,,1351NCONE SIZE,6,
kitsch-set-flow-active-headband-chocolate-brown,Title,Default Title,,,,,506487,28,
kitsch-set-flow-active-headband-heather-gray,Title,Default Title,,,,,506470,28,
kitsch-set-flow-active-heatless-curling-headband-terracotta,Title,Default Title,,,,,510194,24,
kitsch-spa-headband-and-wristlets-3pc-set-terracotta-24,Title,Default Title,,,,,513102,15,
kitsch-x-bridgerton-satin-pillow-scrunchies,Title,Default Title,,,,,63627No ColorOS,20,
kitsch-x-sunbum-scrunchies-3pc-set,Title,Default Title,,,,,03493NCOS,8,
kitschpop-charms-in-vintage-black,Title,Default Title,,,,,510590,14,
kitschpop-charms-in-vintage-emerald,Title,Default Title,,,,,510606,14,
kitschpop-charms-in-vintage-ivory,Title,Default Title,,,,,509082,14,
kitschpop-charms-in-vintage-pink,Title,Default Title,,,,,509099,14,
kitschpop-cloud-clip-7pc-set-coastal-cottage-butter-yellow,Title,Default Title,,,,,509402,20,
kitschpop-cloud-clip-charms-in-pearlized-cream,Title,Default Title,,,,,509129,20,
kitschpop-cloud-clip-charms-in-vintage-black,Title,Default Title,,,,,509167,20,
kitschpop-coastal-cottage-collection-6pc-set,Title,Default Title,,,,,509488,14,
kitschpop-curved-claw-clip-7pc-set-vintage-black,Title,Default Title,,,,,509174,20,
kitschpop-curved-claw-clip-charms-in-pearlized-cream,Title,Default Title,,,,,509136,20,
kitschpop-paddle-brush-haze-blue,Title,Default Title,,,,,511207,22,
kitschpop-paddle-brush-soft-violet,Title,Default Title,,,,,511214,22,
kitschpop-paddle-brush-terracotta,Title,Default Title,,,,,508344,22,
kitschpro-eco-friendly-dermaplaner-terracotta,Title,Default Title,,,,,5540NCOS,15,
kitschpro-u-pins-brown,Title,Default Title,,,,,5281NCOS,8,
kojic-acid-face-and-body-bar,Title,Default Title,,,,,66185NCOS,18,
kojic-acid-face-body-cleansing-pads,Title,Default Title,,,,,507682,23,
large-loop-claw-clips-2pc,Title,Default Title,,,,,6561NCOS,9,
large-moisturizing-heel-socks-terracotta-checker,Title,Default Title,,,,,516158,9.99,
lisa-frank-x-kitsch-cloud-clip-in-angel-kitty,Title,Default Title,,,,,503462,12,
lisa-frank-x-kitsch-cloud-clip-in-markie,Title,Default Title,,,,,503479,12,
lisa-frank-x-kitsch-dancing-dreams-body-wash-bar,Title,Default Title,,,,,503547,12,
lisa-frank-x-kitsch-glitter-claw-clip-in-dancing-dolphins,Title,Default Title,,,,,503592,14,
lisa-frank-x-kitsch-glitter-claw-clip-in-zoomer-zorbit,Title,Default Title,,,,,503608,14,
lisa-frank-x-kitsch-king-satin-pillowcase-rainbow-leopard,Title,Default Title,,,,,503417,28,
lisa-frank-x-kitsch-pillow-scrunchies-in-satin-in-the-fantastic-world-of-lisa-frank,Title,Default Title,,,,,503509,20,
lisa-frank-x-kitsch-ruched-satin-scrunchies-in-rainbow-leopard,Title,Default Title,,,,,503486,11,
lisa-frank-x-kitsch-satin-pillowcase-in-angel-kitty,Title,Default Title,,,,,503448,22,
lisa-frank-x-kitsch-satin-pillowcase-in-angel-kitty-king,Title,Default Title,,,,,503455,28,
lisa-frank-x-kitsch-satin-pillowcase-in-markie,Title,Default Title,,,,,503424,22,
lisa-frank-x-kitsch-satin-pillowcase-in-markie-king,Title,Default Title,,,,,503431,28,
lisa-frank-x-kitsch-satin-pillowcase-in-rainbow-leopard,Title,Default Title,,,,,503400,26,
lisa-frank-x-kitsch-satin-pillowcase-in-the-fantastic-world-of-lisa-frank,Title,Default Title,,,,,503387,22,
lisa-frank-x-kitsch-satin-pillowcase-in-the-fantastic-world-of-lisa-frank-king,Title,Default Title,,,,,503394,28,
lisa-frank-x-kitsch-xl-creaseless-clips-in-rainbow-leopard,Title,Default Title,,,,,504353,11,
luxe-shower-cap-black-and-white-stripe,Title,Default Title,,,,,0835NCOS,29,
luxe-shower-cap-leopard,Title,Default Title,,,,,4914No ColorOS,29,
magnetic-bobby-pin-holder,Title,Default Title,,,,,9395No ColorOS,12,
medium-claw-clips-2pc,Title,Default Title,,,,,6523NCOS,10,
medium-moisturizing-heel-socks-terracotta-checker,Title,Default Title,,,,,515625,9.99,
metal-clam-shell-french-hair-pin-gold,Title,Default Title,,,,,509303,16,
metal-clam-shell-hair-clip-2pc-set-gold-pearlized-cream,Title,Default Title,,,,,509297,14,
metal-enamel-keychain-cloud-clip-haze-blue,Title,Default Title,,,,,508832,9.99,
metal-enamel-keychain-terracotta-scrunchie,Title,Default Title,,,,,508818,9.99,
metal-enamel-keychain-warm-sugar,Title,Default Title,,,,,508825,9.99,
metal-enamel-puffy-bow-bobby-pins-8pc-set-rosewood,Title,Default Title,,,,,64259No ColorOS,10,
metal-gift-bow-bobby-pins-4pc-set-red-gold,Title,Default Title,,,,,511887,10,
metal-medium-open-shape-cloud-claw-clip-1pc-hematite,Title,Default Title,,,,,66956No ColorOS,9,
metal-open-shape-cloud-claw-clip-1pc-gold,Title,Default Title,,,,,65942No ColorOS,9,
metal-rhinestone-assorted-bobby-pins-4pcs-gold,Title,Default Title,,,,,63016No ColorOS,12,
metal-rhinestone-drop-bobby-pins-4pcs-gold-and-silver,Title,Default Title,,,,,63009No ColorOS,12,
metal-rhinestone-large-open-shape-hair-clip-1pc-gold,Title,Default Title,,,,,63030No ColorOS,9,
micro-derma-roller-warm-gray,Title,Default Title,,,,,8251No ColorOS,14,
microfiber-hair-towel-leopard,Title,Default Title,,,,,4921No ColorOS,23,
microfiber-hair-towel-micro-dot,Title,Default Title,,,,,4938No ColorOS,27,
microfiber-quick-dry-towel-scrunchies-2pc-terracotta-checker,Title,Default Title,,,,,61449No ColorOS,21,
microfiber-spa-headband-leopard,Title,Default Title,,,,,1791No ColorOS,18,
microfiber-towel-scrunchies-micro-dot,Title,Default Title,,,,,0893No ColorOS,18,
mini-black-detangling-flexi-brush,Title,Default Title,,,,,504797,10,
mini-classic-claw-clips-16pc,Title,Default Title,,,,,6516NCOS,8,
mini-claw-clips-6pc-set-halloween-squad,Title,Default Title,,,,,512020,10,
mini-claw-clips-6pc-set-holiday,Title,Default Title,,,,,513324,10,
mini-haze-blue-detangling-flexi-brush,Title,Default Title,,,,,504827,10,
mini-scalp-hair-oil-sampler,Title,Default Title,,,,,67823No ColorOS,11,
mini-spa-rollers,Title,Default Title,,,,,6424NCOS,19,
mini-terracotta-detangling-flexi-brush,Title,Default Title,,,,,504803,10,
moisturizing-argan-milk-leave-in-conditioner,Title,Default Title,,,,,64488No ColorOS,11,
moisturizing-coconut-oil-deep-conditioning-mask,Title,Default Title,,,,,504742,20,
moisturizing-spa-gloves,Title,Default Title,,,,,6431NCOS,19,
moisturizing-spa-socks,Title,Default Title,,,,,6448NCOS,16,
no-slip-crocodile-clip-black,Title,Default Title,,,,,3416NCOS,8,
no-slip-crocodile-clip-gold,Title,Default Title,,,,,4215NCONE SIZE,8,
no-snag-elastic-black,Title,Default Title,,,,,1337NCONE SIZE,6,
no-snag-elastic-brown,Title,Default Title,,,,,1344NCONE SIZE,6,
nourishing-conditioner-bar,Title,Default Title,,,,,5489NCOS,14,
nourishing-shampoo-bar,Title,Default Title,,,,,5472NCOS,16,
oak-amber-hair-perfume,Title,Default Title,,,,,505473,20,
open-shape-claw-clip-gold,Title,Default Title,,,,,8431NCOS,9,
open-shape-claw-clip-hematite,Title,Default Title,,,,,8448NCOS,10,
pearlized-cream-butter-yellow-jelly-cloud-clips-mini,Title,Default Title,,,,,509259,12,
pearlized-cream-coastal-blue-print-oversized-satin-bonnet,Title,Default Title,,,,,509518,22,
perfect-glide-safety-razor,Title,Default Title,,,,,60602No ColorOS,29,
perfect-glide-safety-razor-black2,Title,Default Title,,,,,67786No ColorOS,29,
pistachio-latte-hair-perfume,Title,Default Title,,,,,69865No ColorOS,20,
ponyfull-blonde,Title,Default Title,,,,,4482NCOS,12,
pre-wash-scalp-hair-oil-with-rosemary-and-biotin,Title,Default Title,,,,,60633NCOS,15,
purple-toning-solid-conditioner,Title,Default Title,,,,,9845NCOS,16,
purple-toning-solid-shampoo,Title,Default Title,,,,,9838No ColorOS,16,
quick-dry-bath-mat-camel,Title,Default Title,,,,,515564,15,
quick-dry-bath-mat-in-gray,Title,Default Title,,,,,515571,15,
rabs-flat-lay-claw-clip-2pc-flat-black-tort,Title,Default Title,,,,,60015No ColorOS,9,
razor-blade-refills-10pc-set,Title,Default Title,,,,,60619No ColorOS,5,
recycled-chiffon-polka-dot-bow-barrette,Title,Default Title,,,,,9555No ColorONE SIZE,8,
recycled-fabric-active-headbands-3pc-set-cream-court-green-navy-blue,Title,Default Title,,,,,512891,12,
recycled-fabric-bow-hair-clip-black,Title,Default Title,,,,,64310No ColorOS,10,
recycled-fabric-bow-hair-clip-rosewood,Title,Default Title,,,,,66840No ColorOS,10,
recycled-fabric-puffy-headband-1pc-black,Title,Default Title,,,,,64242No ColorOS,14,
recycled-fabric-puffy-scrunchies-3pc-set-rosewood,Title,Default Title,,,,,64297No ColorOS,12,
recycled-fabric-ruffle-scrunchie-blush,Title,Default Title,,,,,511221,14,
recycled-fabric-wide-headband-2pc-set-black-and-camel,Title,Default Title,,,,,62033NCOS,12,
recycled-nylon-glitter-medium-elastics-12pc-neutral,Title,Default Title,,,,,9661NCOS,10,
recycled-plastic-assorted-claw-clip-3pc-oversized-claw-clip,Title,Default Title,,,,,60428No ColorOS,12,
recycled-plastic-assorted-claw-clips-3pc-rectangle-open-shape,Title,Default Title,,,,,60572No ColorOS,12,
recycled-plastic-claw-clip-black-glitter,Title,Default Title,,,,,62019No ColorOS,10,
recycled-plastic-cloud-claw-clips-2pc-set-black-and-tort,Title,Default Title,,,,,66222No ColorOS,12,
recycled-plastic-glitter-claw-clip-ghosts,Title,Default Title,,,,,512037,10,
recycled-plastic-medium-cloud-clip-cherry,Title,Default Title,,,,,500416No ColorOS,8,
recycled-plastic-medium-rhinestone-cloud-claw-clip-black,Title,Default Title,,,,,65966No ColorOS,12,
recycled-plastic-medium-rhinestone-cloud-claw-clip-camel,Title,Default Title,,,,,66154No ColorOS,7,
recycled-plastic-medium-rhinestone-cloud-claw-clip-ivory,Title,Default Title,,,,,67205No ColorOS,12,
recycled-plastic-mini-cloud-claw-clips-6pc-set-black-and-tort,Title,Default Title,,,,,66215No ColorOS,10,
recycled-plastic-mini-puffy-claw-clips-8pc-set-rosewood,Title,Default Title,,,,,64273No ColorOS,10,
recycled-plastic-octopus-claw-clip-2pc-set-black-tort,Title,Default Title,,,,,60237No ColorOS,9,
recycled-plastic-puffy-claw-clip-1pc-chocolate,Title,Default Title,,,,,64990No ColorOS,10,
recycled-plastic-puffy-claw-clip-1pc-rosewood,Title,Default Title,,,,,64280No ColorOS,10,
recycled-plastic-wet-dry-brush-black,Title,Default Title,,,,,505800,16,
recycled-plastic-wet-dry-brush-haze-blue,Title,Default Title,,,,,505831,19,
recycled-plastic-wet-dry-brush-soft-violet,Title,Default Title,,,,,505824,16,
recycled-plastic-wet-dry-brush-terracotta,Title,Default Title,,,,,505817,19,
recycled-plastic-wide-headband-tort,Title,Default Title,,,,,66949No ColorOS,12,
recycled-plastic-xl-creaseless-clips-2pc-set-terracotta-checker,Title,Default Title,,,,,62323No ColorOS,9,
recycled-plastic-zig-zag-headband-2pc-neutral,Title,Default Title,,,,,60459No ColorOS,15,
recycled-plastic-zigzag-headbands-2pc-set-gold-red,Title,Default Title,,,,,514840,10,
recycled-plastic-zigzag-headbands-2pc-set-gold-silver,Title,Default Title,,,,,513355,10,
red-pink-green-velvet-headbands,Title,Default Title,,,,,503745,10,
repairing-argan-oil-conditioner,Title,Default Title,,,,,505930,16,
repairing-argan-oil-conditioner-bar,Title,Default Title,,,,,69612NCOS,16,
repairing-argan-oil-shampoo,Title,Default Title,,,,,505923,16,
repairing-argan-oil-shampoo-bar,Title,Default Title,,,,,69605NCOS,16,
rice-water-conditioner-for-hair-growth,Title,Default Title,,,,,505893,16,
rice-water-protein-conditioner-bar-bag,Title,Default Title,,,,,501451No ColorOS,5,
rice-water-protein-conditioner-bar-saver-bag,Title,Default Title,,,,,506241,5,
rice-water-protein-conditioner-bar-strengthening,Title,Default Title,,,,,6752NCOS,16,
rice-water-protein-restoring-face-body-wash-bar,Title,Default Title,,,,,506302,14,
rice-water-protein-shampoo-bar-bag,Title,Default Title,,,,,501468No ColorOS,5,
rice-water-protein-shampoo-bar-saver-bag,Title,Default Title,,,,,506258,5,
rice-water-shampoo-for-hair-growth,Title,Default Title,,,,,505886,14,
root-lifting-thickening-spray,Title,Default Title,,,,,505985,23,
rosemary-biotin-conditioner-bar-bag,Title,Default Title,,,,,501475No ColorOS,5,
rosemary-biotin-conditioner-bar-saver-bag,Title,Default Title,,,,,506272,5,
rosemary-biotin-shampoo-bar-bag,Title,Default Title,,,,,501482No ColorOS,5,
rosemary-biotin-shampoo-bar-saver-bag,Title,Default Title,,,,,506289,5,
rosemary-biotin-volumizing-conditioner,Title,Default Title,,,,,505916,16,
rosemary-biotin-volumizing-shampoo,Title,Default Title,,,,,505909,16,
rosemary-biotin-volumizing-solid-conditioner,Title,Default Title,,,,,64952No ColorOS,16,
rosemary-biotin-volumizing-solid-shampoo,Title,Default Title,,,,,64945No ColorOS,16,
rosewood-active-headbands-3pc-set,Title,Default Title,,,,,501628No ColorOS,10,
rosewood-seamless-hair-elastics-12pc-set,Title,Default Title,,,,,509624,8,
rosewood-seamless-hair-elastics-8pc-set,Title,Default Title,,,,,69292No ColorOS,8,
rosewood-wide-twist-headbands-2pc-set,Title,Default Title,,,,,68950No ColorOS,12,
ruched-satin-scrunchies-5pc-set-cream-court-green-navy-blue,Title,Default Title,,,,,512914,10,
ruched-satin-scrunchies-5pc-set-ghosts-pumpkins,Title,Default Title,,,,,512006,10,
rustic-vanilla-hair-perfume,Title,Default Title,,,,,500782,20,
sage-assorted-claw-clip-3pc-set-octopus-claw-clip,Title,Default Title,,,,,60343No ColorOS,12,
sage-leaf-flat-cloud-clip-small,Title,Default Title,,,,,69001No ColorOS,8,
satin-bow-hair-clip-cream,Title,Default Title,,,,,512938,12,
satin-cat-ears-headband-black-glitter,Title,Default Title,,,,,513188,12,
satin-glazey-pink,Title,Default Title,,,,,504674No ColorOS,118,
satin-heatless-curling-set-charcoal,Title,Default Title,,,,,60657NCOS,18,
satin-heatless-curling-set-sunset-tie-dye,Title,Default Title,,,,,7568NCOS,18,
satin-jumbo-flexi-rods-4pc-rosewood,Title,Default Title,,,,,60640NCOS,21,
satin-king-pillowcase-charcoal,Title,Default Title,,,,,9524No ColorONE SIZE,29,
satin-lined-flexi-shower-cap-terracotta-checker,Title,Default Title,,,,,61418No ColorOS,29,
satin-petite-scrunchies-5pc-set-midnight,Title,Default Title,,,,,63047No ColorOS,10,
satin-petite-scrunchies-5pc-set-sedona,Title,Default Title,,,,,63023No ColorOS,10,
satin-pillow-scrunchies-4pc-black,Title,Default Title,,,,,507750,25,
satin-pillow-scrunchies-4pc-blush,Title,Default Title,,,,,507743,25,
satin-pillowcase-blush,Title,Default Title,,,,,4969No ColorOS,29,
satin-pillowcase-blush-tie-dye,Color,NC,Size,OS,,,6950NCOS,14.82,
satin-pillowcase-champagne-butterfly,Title,Default Title,,,,,8213No ColorOS,29,
satin-pillowcase-charcoal-grey,Title,Default Title,,,,,6332NCOS,29,
satin-pillowcase-in-blush,Title,Default Title,,,,,4969,19,
satin-pillowcase-in-gingham-blue,Title,Default Title,,,,,513652,29,
satin-pillowcase-in-pearlized-cream-coastal-blue-print,Title,Default Title,,,,,509525,23,
satin-pillowcase-in-striped-bows,Title,Default Title,,,,,503653,20,
satin-pillowcase-ivory,Title,Default Title,,,,,4945No ColorOS,29,
satin-pillowcase-king-heart,Title,Default Title,,,,,67212No ColorOS,29,
satin-pillowcase-lavender,Title,Default Title,,,,,8855No ColorOS,19,
satin-pillowcase-leopard,Title,Default Title,,,,,0848No ColorOS,29,
satin-pillowcase-silver,Title,Default Title,,,,,4952No ColorOS,29,
satin-rhinestone-bow-scrunchie,Title,Default Title,,,,,503677,12,
satin-rosette-flat-cloud-clip-in-black-medium,Title,Default Title,,,,,508627,14,
satin-rosette-flat-cloud-clip-in-chocolate-medium,Title,Default Title,,,,,508603,14,
satin-rosette-flat-cloud-clip-in-cream-medium,Title,Default Title,,,,,508597,14,
satin-rosette-flat-cloud-clip-in-terracotta-medium,Title,Default Title,,,,,508610,14,
satin-sleep-eye-mask-black,Title,Default Title,,,,,3825No ColorOS,16,
satin-sleep-pillow-scrunchies-blush-gray,Title,Default Title,,,,,5649NCOS,18,
satin-sleep-pillow-scrunchies-charcoal-gold,Title,Default Title,,,,,5670NCOS,18,
satin-sleep-scrunchie-black,Title,Default Title,,,,,1627NCONE SIZE,10,
satin-sleep-scrunchies-5pk-cameo,Title,Default Title,,,,,9265NCONE SIZE,8,
satin-sleep-scrunchies-blush,Title,Default Title,,,,,1603NCONE SIZE,8,
satin-ultra-petite-scrunchies-6pc-set-mocha,Title,Default Title,,,,,509686,10,
satin-wrapped-flexi-rods-6pc,Title,Default Title,,,,,9296NCOS,21,
satin-wrapped-hair-towel-blush,Title,Default Title,,,,,8282No ColorOS,29,
scalp-exfoliator-terracotta,Title,Default Title,,,,,62064No ColorOS,7,
scalp-oil-applicator,Title,Default Title,,,,,67830No ColorOS,15,
scalp-renewal-brush-terracotta,Title,Default Title,,,,,505855,12,
sedona-active-headbands-3pc-set,Title,Default Title,,,,,501611No ColorOS,10,
sedona-cloud-claw-clips-8pc-set-mini,Title,Default Title,,,,,501581No ColorOS,10,
sedona-cloud-scrunchies-3pc-set,Title,Default Title,,,,,501604No ColorOS,12,
sedona-metal-cloud-pins-snap-clips-8pc-set,Title,Default Title,,,,,501574No ColorOS,10,
sedona-seamless-hair-elastics-12pc-set,Title,Default Title,,,,,509631,8,
self-draining-soap-dish,Title,Default Title,,,,,8374No ColorOS,12,
shave-butter-gender-neutral-packaging,Title,Default Title,,,,,67809No ColorOS,9,
shea-butter-solid-body-wash,Title,Default Title,,,,,9852No ColorOS,14,
sheer-violet-hair-perfume,Title,Default Title,,,,,69421No ColorOS,20,
shower-filter-refill-cartridge-2pc,Title,Default Title,,,,,68622No ColorOS,38,
silver-french-hair-pin,Title,Default Title,,,,,501949No ColorOS,14,
silver-mini-metal-french-hair-pin-clips,Title,Default Title,,,,,508696,16,
skeleton-flat-claw-clips,Title,Default Title,,,,,500980,10,
small-claw-clips-2pc,Title,Default Title,,,,,6547NCOS,6.24,
smooth-polish-brush-coastal-blue-print,Title,Default Title,,,,,509501,18,
soft-santal-hair-body-perfume-mist,Title,Default Title,,,,,512785,20,
soft-violet-detangling-flexi-brush-mini,Title,Default Title,,,,,504810,10,
soft-violet-smooth-polish-brush,Title,Default Title,,,,,505787,22,
solid-shave-butter,Title,Default Title,,,,,60626No ColorOS,10,
spider-metal-rhinestone-hair-clips,Title,Default Title,,,,,500669,10,
spiderweb-cloud-scrunchies,Title,Default Title,,,,,500737,12,
spiderweb-veil-headband,Title,Default Title,,,,,500706,12,
stainless-steel-gua-sha,Title,Default Title,,,,,7490NCOS,27,
standard-satin-pillowcase-haze-blue,Title,Default Title,,,,,65157No ColorOS,29,
standard-satin-pillowcase-heart,Title,Default Title,,,,,64440No ColorOS,20,
standard-satin-pillowcase-holiday,Title,Default Title,,,,,511931,20,
star-wars-kitsch-body-bar-saver-bag-darth-vader,Title,Default Title,,,,,504568,6,
star-wars-kitsch-body-bar-saver-bag-stormtrooper,Title,Default Title,,,,,504575,6,
star-wars-kitsch-charcoal-detoxifying-solid-body-wash-darth-detox,Title,Default Title,,,,,504520,12,
star-wars-kitsch-conditioner-bar-saver-bag-r2-d2,Title,Default Title,,,,,504551,6,
star-wars-kitsch-glitter-cloud-clip-in-c-3po,Title,Default Title,,,,,504452,12,
star-wars-kitsch-glitter-cloud-clip-in-darth-vader,Title,Default Title,,,,,504469,12,
star-wars-kitsch-glitter-cloud-clip-in-r2-d2,Title,Default Title,,,,,504445,12,
star-wars-kitsch-glitter-cloud-clip-in-stormtrooper,Title,Default Title,,,,,504476,12,
star-wars-kitsch-pillow-scrunchies-in-satin-r2-d2-stormtroopers,Title,Default Title,,,,,504483,20,
star-wars-kitsch-rice-water-protein-strengthening-solid-conditioner-r2-d2,Title,Default Title,,,,,504513,16,
star-wars-kitsch-rice-water-protein-strengthening-solid-shampoo-c-3po,Title,Default Title,,,,,504506,19,
star-wars-kitsch-satin-flexi-rods-light-side-vs-dark-side,Title,Default Title,,,,,504490,21,
star-wars-kitsch-satin-pillowcase-in-darth-vader-stormtroopers,Title,Default Title,,,,,504360,26,
star-wars-kitsch-satin-pillowcase-in-darth-vader-stormtroopers-king,Title,Default Title,,,,,504377,28,
star-wars-kitsch-satin-pillowcase-in-galactic-empire,Title,Default Title,,,,,504384,26,
star-wars-kitsch-satin-pillowcase-in-galactic-empire-king,Title,Default Title,,,,,504391,28,
star-wars-kitsch-satin-pillowcase-in-r2-d2-c-3po,Title,Default Title,,,,,504407,26,
star-wars-kitsch-satin-pillowcase-in-r2-d2-c-3po-king,Title,Default Title,,,,,504414,28,
star-wars-kitsch-satin-pillowcase-in-rebel-alliance,Title,Default Title,,,,,504421,22,
star-wars-kitsch-satin-pillowcase-in-rebel-alliance-king,Title,Default Title,,,,,504438,28,
star-wars-kitsch-shampoo-bar-saver-bag-c-3po,Title,Default Title,,,,,504544,6,
star-wars-kitsch-shea-butter-moisturizing-solid-body-wash-stormtrooper-swirl,Title,Default Title,,,,,504537,14,
styling-clip-iridescent,Title,Default Title,,,,,3409NCOS,10,
styling-clip-rose-gold,Title,Default Title,,,,,1542NCOS,10,
styling-taming-wand,Title,Default Title,,,,,501383No ColorOS,18,
sugar-exfoliating-body-scrub-bar,Title,Default Title,,,,,7582NCOS,12,
sun-bum-3-in-1-leave-in-conditioner-treatment-1-5-fl-oz,Title,Default Title,,,,,Sunbum ConditionerNCOS,6.49,
tart-cherry-hair-perfume,Title,Default Title,,,,,69162No ColorOS,20,
tea-tree-mint-clarifying-conditioner,Title,Default Title,,,,,507880,16,
tea-tree-mint-clarifying-shampoo,Title,Default Title,,,,,507873,16,
tea-tree-mint-clarifying-solid-conditioner,Title,Default Title,,,,,66833NCOS,16,
terracotta-arch-desk-mirror,Title,Default Title,,,,,507569,38,
terracotta-checker-oversized-satin-bonnet,Title,Default Title,,,,,505190,22,
terracotta-lymphatic-contour-face-brush,Title,Default Title,,,,,515601,10,
terracotta-plush-microfiber-hair-towel-turban,Title,Default Title,,,,,501680,27,
terracotta-rosette-ruched-satin-scrunchies,Title,Default Title,,,,,508566,14,
terracotta-smooth-polish-brush,Title,Default Title,,,,,505770,22,
terracotta-velvet-heatless-curling-set,Title,Default Title,,,,,68820,20,
texturizing-sea-salt-spray,Title,Default Title,,,,,69551No ColorOS,18,
the-grinch-x-kitsch-gold-bow-french-hair-pin,Title,Default Title,,,,,503264,16,
the-grinch-x-kitsch-satin-pillow-scrunchies-r-in-cindy-lou-who,Title,Default Title,,,,,503288,20,
the-grinch-x-kitsch-satin-pillowcase-cindy-lou-who,Title,Default Title,,,,,503240,22,
the-grinch-x-kitsch-satin-pillowcase-cindy-lou-who-king,Title,Default Title,,,,,503257,26,
the-grinch-x-kitsch-satin-pillowcase-whoville,Title,Default Title,,,,,503226,22,
the-grinch-x-kitsch-satin-pillowcase-whoville-king,Title,Default Title,,,,,503233,26,
the-grinch-x-kitsch-whoville-cookies-hair-perfume,Title,Default Title,,,,,503301,22,
the-lavender-weighted-satin-eye-mask,Title,Default Title,,,,,4864NCOS,24,
the-pillow-eye-mask-charcoal,Title,Default Title,,,,,6240NCOS,21,
the-shower-filter-black,Title,Default Title,,,,,65751No ColorOS,40,
the-shower-filter-chrome,Title,Default Title,,,,,64396No ColorOS,40,
the-shower-filter-refill-cartridge,Title,Default Title,,,,,64969No ColorOS,20,
the-shower-filter-terracotta,Title,Default Title,,,,,65768No ColorOS,40,
thick-hair-nylon-elastics-6pc-black,Title,Default Title,,,,,6615NCOS,8,
tiger-shark-beaded-bracelet,Title,Default Title,,,,,4OCEAN-TSNo ColorOS,24,
tort-flat-cloud-clip-large,Title,Default Title,,,,,69032No ColorOS,10,
tort-flat-cloud-clip-medium,Title,Default Title,,,,,69049No ColorOS,9,
tort-flat-cloud-clip-small,Title,Default Title,,,,,69100No ColorOS,8,
tula-rose-hair-perfume,Title,Default Title,,,,,506333,20,
ultimate-travel-11pc-set-black-ivory,Title,Default Title,,,,,4352No ColorOS,14,
ultra-petite-satin-scrunchies-6pc-eucalyptus,Title,Default Title,,,,,60558NCOS,10,
ultra-petite-satin-scrunchies-6pc-terracotta,Title,Default Title,,,,,60527NCOS,12,
ultra-sensitive-shampoo-body-wash-bar,Title,Default Title,,,,,9432No ColorOS,16,
ultra-sensitive-solid-conditioner-shave-bar,Title,Default Title,,,,,9821No ColorOS,14,
velvet-glitter-tulle-headband-black,Title,Default Title,,,,,510484,12,
velvet-scrunchies-blush-mauve,Title,Default Title,,,,,3188NCOS,10,
vented-paddle-brush-1pc-black,Title,Default Title,,,,,66260No ColorOS,12,
vented-paddle-brush-1pc-terracotta,Title,Default Title,,,,,67816No ColorOS,12,
volumizing-rice-protein-dry-shampoo-dark-tinted-powder,Title,Default Title,,,,,65737No ColorOS,15,
volumizing-rice-protein-dry-shampoo-light-tinted-powder,Title,Default Title,,,,,63856No ColorOS,15,
volumizing-rice-protein-dry-shampoo-with-pump-dark-hair,Title,Default Title,,,,,500942No ColorOS,15,
volumizing-rice-protein-dry-shampoo-with-pump-invisible,Title,Default Title,,,,,500935No ColorOS,15,
volumizing-roller-clips,Title,Default Title,,,,,60169No ColorOS,10,
volumizing-thermal-round-brush,Title,Default Title,,,,,504261,49.99,
warm-sugar-cleansing-body-wash-bar,Title,Default Title,,,,,506432,8,
warm-sugar-hair-perfume,Title,Default Title,,,,,69841No ColorOS,20,
warm-sugar-mini-hair-perfume-20-ml,Title,Default Title,,,,,512075,10,
wonder-woman-x-kitsch-king-satin-pillowcase-believe-in-wonder,Title,Default Title,,,,,64167No ColorOS,28,
wonder-woman-x-kitsch-king-satin-pillowcase-comic-print,Title,Default Title,,,,,64174No ColorOS,28,
wonder-woman-x-kitsch-satin-pillowcase-believe-in-wonder,Title,Default Title,,,,,63962No ColorOS,24,
wonder-woman-x-kitsch-satin-pillowcase-comic-print,Title,Default Title,,,,,63979No ColorOS,24,
x-small-claw-clips-6pc,Title,Default Title,,,,,6530NCOS,8,
xl-adjustable-satin-bonnet,Title,Default Title,,,,,6684NCOS,22,
xl-satin-heatless-curling-set-chocolate,Title,Default Title,,,,,62415NCOS,20,
xl-styling-clip-rose-gold,Title,Default Title,,,,,1566NCONE SIZE,7.02,
xl-thermal-rollers-4pc-set-terracotta,Title,Default Title,,,,,62330No ColorOS,16,
zig-zag-headband-2pc-black-and-tort,Title,Default Title,,,,,60145No ColorOS,15,