handle,product_gid,status,variant_gid,variant_title,sku,live_price,live_compare_at
friends-forever-necklace-earring-set,gid://shopify/Product/1989772214336,DRAFT,gid://shopify/ProductVariant/31513251282978,NC / OS,4996NCOS,22.62,29
open-shape-claw-clip-gold,gid://shopify/Product/1989935333440,ACTIVE,gid://shopify/ProductVariant/31484800630818,Default Title,8431NCOS,9,9
brunette-hair-coils,gid://shopify/Product/1989936119872,DRAFT,gid://shopify/ProductVariant/31497098264610,Default Title,8080NCOS,5.99,5.99
luxe-shower-cap-black-and-white-stripe,gid://shopify/Product/1990052544576,ACTIVE,gid://shopify/ProductVariant/31491150184482,Default Title,0835NCOS,29,29
kitsch-luxe-shower-cap-blush-dot,gid://shopify/Product/1990060343360,ACTIVE,gid://shopify/ProductVariant/31491147956258,Default Title,0842NCOS,29,29
no-snag-elastic-black,gid://shopify/Product/1990110347328,ACTIVE,gid://shopify/ProductVariant/31506639487010,Default Title,1337NCONE SIZE,6,6
kitsch-pro-no-snag-mini-gummy-elastic,gid://shopify/Product/1990110642240,ACTIVE,gid://shopify/ProductVariant/31497084502050,Default Title,1351NCONE SIZE,6,6
essential-bobby-pin-blonde,gid://shopify/Product/1990111789120,ACTIVE,gid://shopify/ProductVariant/31506597806114,Default Title,1412NCONE SIZE,5,5
essential-bobby-pin-tortoise,gid://shopify/Product/1990111952960,ACTIVE,gid://shopify/ProductVariant/31506408570914,Default Title,1405NCONE SIZE,5,5
essential-bobby-pin-black,gid://shopify/Product/1990112215104,ACTIVE,gid://shopify/ProductVariant/31506592006178,Default Title,1399NCONE SIZE,5,5
xl-styling-clip-rose-gold,gid://shopify/Product/1990115819584,DRAFT,gid://shopify/ProductVariant/31504376954914,Default Title,1566NCONE SIZE,7.02,9
satin-sleep-scrunchie-black,gid://shopify/Product/1990116769856,ACTIVE,gid://shopify/ProductVariant/31484803186722,Default Title,1627NCONE SIZE,10,10
no-snag-elastic-brown,gid://shopify/Product/1990118441024,ACTIVE,gid://shopify/ProductVariant/31504460349474,Default Title,1344NCONE SIZE,6,6
no-slip-crocodile-clip-gold,gid://shopify/Product/1990121816128,ACTIVE,gid://shopify/ProductVariant/31497089941538,Default Title,4215NCONE SIZE,8,8
styling-clip-rose-gold,gid://shopify/Product/1990122045504,ACTIVE,gid://shopify/ProductVariant/31499171102754,Default Title,1542NCOS,10,10
velvet-scrunchies-blush-mauve,gid://shopify/Product/1990129451072,ACTIVE,gid://shopify/ProductVariant/31494369640482,Default Title,3188NCOS,10,10
8-pack-hair-coils-brunette,gid://shopify/Product/1990163431488,ACTIVE,gid://shopify/ProductVariant/31497093021730,Default Title,5119NCOS,12,12
styling-clip-iridescent,gid://shopify/Product/1990164709440,ACTIVE,gid://shopify/ProductVariant/31514102399010,Default Title,3409NCOS,10,10
no-slip-crocodile-clip-black,gid://shopify/Product/1990165102656,ACTIVE,gid://shopify/ProductVariant/31524190617634,Default Title,3416NCOS,8,8
open-shape-claw-clip-hematite,gid://shopify/Product/1990181290048,ACTIVE,gid://shopify/ProductVariant/31496487829538,Default Title,8448NCOS,10,10
ice-roller,gid://shopify/Product/3854047051799,ACTIVE,gid://shopify/ProductVariant/31494367412258,Default Title,5447NCOS,21,21
satin-sleep-eye-mask-black,gid://shopify/Product/3928255070231,DRAFT,gid://shopify/ProductVariant/31484850077730,Default Title,3825No ColorOS,16,16
satin-sleep-scrunchies-blush,gid://shopify/Product/3928257527831,ACTIVE,gid://shopify/ProductVariant/31494390415394,Default Title,1603NCONE SIZE,8,8
luxe-shower-cap-leopard,gid://shopify/Product/3942777454615,ACTIVE,gid://shopify/ProductVariant/31491148152866,Default Title,4914No ColorOS,29,29
microfiber-hair-towel-micro-dot,gid://shopify/Product/3946402873367,ACTIVE,gid://shopify/ProductVariant/31496439726114,Default Title,4938No ColorOS,27,27
microfiber-hair-towel-leopard,gid://shopify/Product/3946403790871,ACTIVE,gid://shopify/ProductVariant/31494386581538,Default Title,4921No ColorOS,23,23
microfiber-towel-scrunchies-micro-dot,gid://shopify/Product/3946492198935,ACTIVE,gid://shopify/ProductVariant/31494449332258,Default Title,0893No ColorOS,18,18
microfiber-spa-headband-leopard,gid://shopify/Product/3946496884759,ACTIVE,gid://shopify/ProductVariant/31496466366498,Default Title,1791No ColorOS,18,18
dermaplaner,gid://shopify/Product/3946522640407,ACTIVE,gid://shopify/ProductVariant/31494436847650,Default Title,5454No ColorOS,15,15
ceramic-thermal-roller-variety-pack,gid://shopify/Product/3946524246039,ACTIVE,gid://shopify/ProductVariant/31497092759586,Default Title,1135No ColorOS,14,14
bun-twists-brown,gid://shopify/Product/3946827546647,ACTIVE,gid://shopify/ProductVariant/31497151676450,Default Title,1166No ColorOS,8,8
ultimate-travel-11pc-set-black-ivory,gid://shopify/Product/4391426981922,ACTIVE,gid://shopify/ProductVariant/31491132915746,Default Title,4352No ColorOS,14,14
ponyfull-blonde,gid://shopify/Product/4422486327330,ACTIVE,gid://shopify/ProductVariant/31514090864674,Default Title,4482NCOS,12,12
king-pillowcase-ivory,gid://shopify/Product/4429102153762,ACTIVE,gid://shopify/ProductVariant/31527887962146,Default Title,4772NCOS,36,36
king-pillowcase-blush,gid://shopify/Product/4429102219298,ACTIVE,gid://shopify/ProductVariant/31527888027682,Default Title,4789NCOS,36,36
consciously-created-wet_dry-brush,gid://shopify/Product/4429102579746,ACTIVE,gid://shopify/ProductVariant/31527888420898,Default Title,4963NCOS,16,16
consciously-created-wide-tooth-comb,gid://shopify/Product/4429102743586,ACTIVE,gid://shopify/ProductVariant/31527888584738,Default Title,4949NCOS,12,12
king-pillowcase-leopard,gid://shopify/Product/4537158107170,ACTIVE,gid://shopify/ProductVariant/32075887542306,Default Title,5236NCOS,36,36
assorted-satin-sleep-scrunchies,gid://shopify/Product/4543552225314,ACTIVE,gid://shopify/ProductVariant/32102924288034,Default Title,5427NCONE SIZE,10,10
nourishing-shampoo-bar,gid://shopify/Product/4617093480482,ACTIVE,gid://shopify/ProductVariant/32284793602082,Default Title,5472NCOS,16,16
nourishing-conditioner-bar,gid://shopify/Product/4617093513250,ACTIVE,gid://shopify/ProductVariant/32284793634850,Default Title,5489NCOS,14,14
bottle-free-beauty-bar-bag-blush,gid://shopify/Product/4617093546018,ACTIVE,gid://shopify/ProductVariant/32284793667618,Default Title,5496NCOS,5,5
bottle-free-beauty-bar-bag-coral,gid://shopify/Product/4617093611554,ACTIVE,gid://shopify/ProductVariant/32292401512482,Default Title,5632NCOS,6,6
eco-friendly-hair-towel,gid://shopify/Product/4624112189474,ACTIVE,gid://shopify/ProductVariant/32307468238882,Default Title,5250NCOS,27,27
hair-towel-figure-drawing,gid://shopify/Product/4812174327842,DRAFT,gid://shopify/ProductVariant/32921952550946,NC / OS,5885NCOS,23,23
eco-friendly-medium-claw-clips-2pc-set-black,gid://shopify/Product/5963237261493,ACTIVE,gid://shopify/ProductVariant/37107618578613,Default Title,4888NCOS,10,10
eco-friendly-nylon-elastics-20pc-set-black,gid://shopify/Product/5963238310069,ACTIVE,gid://shopify/ProductVariant/37107625427125,Default Title,5298NCOS,8,8
eco-friendly-nylon-elastics-20pc-set-blush,gid://shopify/Product/5963238670517,ACTIVE,gid://shopify/ProductVariant/37107626246325,Default Title,5304NCOS,8,8
eco-friendly-large-claw-clip-black,gid://shopify/Product/5970991808693,ACTIVE,gid://shopify/ProductVariant/37159038517429,Default Title,4871NCOS,8,8
clarifying-shampoo-bar,gid://shopify/Product/5994327998645,ACTIVE,gid://shopify/ProductVariant/37257699360949,Default Title,5458NCOS,16,16
deep-moisturizing-conditioner-bar,gid://shopify/Product/5994330652853,ACTIVE,gid://shopify/ProductVariant/37257704177845,Default Title,5465NCOS,16,16
bottle-free-beauty-bar-conditioner-bag-black,gid://shopify/Product/5994335338677,ACTIVE,gid://shopify/ProductVariant/37257735340213,Default Title,5977NCOS,6,6
assorted-textured-scrunchies-5pc-black,gid://shopify/Product/5996776259765,ACTIVE,gid://shopify/ProductVariant/37264613507253,Default Title,5922NCOS,10,10
crepe-scrunchie-5pc-terra-cotta,gid://shopify/Product/5996776620213,ACTIVE,gid://shopify/ProductVariant/37264613867701,Default Title,6097NCOS,12,12
the-lavender-weighted-satin-eye-mask,gid://shopify/Product/6069453684917,ACTIVE,gid://shopify/ProductVariant/37527249354933,Default Title,4864NCOS,24,24
kitschpro-eco-friendly-dermaplaner-terracotta,gid://shopify/Product/6072299520181,ACTIVE,gid://shopify/ProductVariant/37541030396085,Default Title,5540NCOS,15,15
satin-sleep-pillow-scrunchies-blush-gray,gid://shopify/Product/6251293376693,DRAFT,gid://shopify/ProductVariant/38200883445941,Default Title,5649NCOS,18,18
satin-sleep-pillow-scrunchies-charcoal-gold,gid://shopify/Product/6251293442229,ACTIVE,gid://shopify/ProductVariant/38200883544245,Default Title,5670NCOS,18,18
eco-friendly-brunch-scrunchie-leopard,gid://shopify/Product/6252627787957,DRAFT,gid://shopify/ProductVariant/38208020578485,Default Title,6219NCOS,10,10
the-pillow-eye-mask-charcoal,gid://shopify/Product/6252627886261,ACTIVE,gid://shopify/ProductVariant/38208020676789,Default Title,6240NCOS,21,21
eco-friendly-marble-claw-clip-blush,gid://shopify/Product/6264161566901,ACTIVE,gid://shopify/ProductVariant/38246720405685,Default Title,6295NCOS,10,10
satin-pillowcase-charcoal-grey,gid://shopify/Product/6264161829045,ACTIVE,gid://shopify/ProductVariant/38246720995509,Default Title,6332NCOS,29,29
eco-friendly-hair-towel-black,gid://shopify/Product/6278753222837,ACTIVE,gid://shopify/ProductVariant/38306554380469,Default Title,6363NCOS,27,27
eco-friendly-oversized-matte-claw-clip,gid://shopify/Product/6278946226357,ACTIVE,gid://shopify/ProductVariant/38308081598645,Default Title,6325NCOS,11,11
mini-classic-claw-clips-16pc,gid://shopify/Product/6635653103797,ACTIVE,gid://shopify/ProductVariant/39669820817589,Default Title,6516NCOS,8,8
medium-claw-clips-2pc,gid://shopify/Product/6635653202101,ACTIVE,gid://shopify/ProductVariant/39669820915893,Default Title,6523NCOS,10,10
large-loop-claw-clips-2pc,gid://shopify/Product/6635653267637,ACTIVE,gid://shopify/ProductVariant/39669821178037,Default Title,6561NCOS,9,9
x-small-claw-clips-6pc,gid://shopify/Product/6635653300405,ACTIVE,gid://shopify/ProductVariant/39669821210805,Default Title,6530NCOS,8,8
small-claw-clips-2pc,gid://shopify/Product/6635653398709,DRAFT,gid://shopify/ProductVariant/39669821440181,Default Title,6547NCOS,6.24,8
jumbo-classic-claw-clips-2pc,gid://shopify/Product/6635665424565,ACTIVE,gid://shopify/ProductVariant/39669850144949,Default Title,6578NCOS,12,12
thick-hair-nylon-elastics-6pc-black,gid://shopify/Product/6635665588405,ACTIVE,gid://shopify/ProductVariant/39669850308789,Default Title,6615NCOS,8,8
xl-adjustable-satin-bonnet,gid://shopify/Product/6635671683253,ACTIVE,gid://shopify/ProductVariant/39669878948021,Default Title,6684NCOS,22,22
moisturizing-spa-gloves,gid://shopify/Product/6678197665973,DRAFT,gid://shopify/ProductVariant/39822382235829,Default Title,6431NCOS,19,23
moisturizing-spa-socks,gid://shopify/Product/6678197731509,ACTIVE,gid://shopify/ProductVariant/39822382301365,Default Title,6448NCOS,16,16
satin-pillowcase-blush-tie-dye,gid://shopify/Product/6707230343349,DRAFT,gid://shopify/ProductVariant/39909786353845,NC / OS,6950NCOS,14.82,19
cotton-face-mask-3pc-set-sunset-tie-dye,gid://shopify/Product/6707238174901,DRAFT,gid://shopify/ProductVariant/39909797068981,NC / OS,6974NCOS,12,18
mini-spa-rollers,gid://shopify/Product/6817467203765,ACTIVE,gid://shopify/ProductVariant/40377582420149,Default Title,6424NCOS,19,19
satin-heatless-curling-set-sunset-tie-dye,gid://shopify/Product/6881075265717,ACTIVE,gid://shopify/ProductVariant/40634532724917,Default Title,7568NCOS,18,18
stainless-steel-gua-sha,gid://shopify/Product/6881075331253,ACTIVE,gid://shopify/ProductVariant/40634532921525,Default Title,7490NCOS,27,27
rice-water-protein-conditioner-bar-strengthening,gid://shopify/Product/6967153393845,ACTIVE,gid://shopify/ProductVariant/40960800719029,Default Title,6752NCOS,16,16
eco-friendly-elastic-cutters-3pcset,gid://shopify/Product/6977859715253,ACTIVE,gid://shopify/ProductVariant/40998169378997,Default Title,8169No ColorOS,7,7
self-draining-soap-dish,gid://shopify/Product/6977860042933,DRAFT,gid://shopify/ProductVariant/40998169706677,Default Title,8374No ColorOS,12,12
eco-friendly-hair-brush-cleaner,gid://shopify/Product/6987606032565,ACTIVE,gid://shopify/ProductVariant/41045688418485,Default Title,8152No ColorOS,12,12
charcoal-detoxifying-body-wash-bar,gid://shopify/Product/6989399982261,ACTIVE,gid://shopify/ProductVariant/41050791444661,Default Title,7575NCOS,14,14
sugar-exfoliating-body-scrub-bar,gid://shopify/Product/6989400047797,ACTIVE,gid://shopify/ProductVariant/41050791510197,Default Title,7582NCOS,12,12
eco-friendly-chain-claw-clip-3pc-set-neutral,gid://shopify/Product/7009516880053,ACTIVE,gid://shopify/ProductVariant/41122230796469,Default Title,8350No ColorOS,11,11
eco-friendly-spray-bottle,gid://shopify/Product/7009516978357,DRAFT,gid://shopify/ProductVariant/41122231058613,Default Title,8176No ColorOS,4,4
eco-friendly-jumbo-open-shape-claw-clip-black,gid://shopify/Product/7009517043893,ACTIVE,gid://shopify/ProductVariant/41122231517365,Default Title,8190No ColorOS,14,14
body-dry-brush,gid://shopify/Product/7127202693301,ACTIVE,gid://shopify/ProductVariant/41501657497781,Default Title,8312No ColorOS,20,20
extra-wide-spa-headband-dusty-rose,gid://shopify/Product/7127204004021,ACTIVE,gid://shopify/ProductVariant/41501659758773,Default Title,8275No ColorOS,10,10
creaseless-clips-4pc-set-black-terrazzo,gid://shopify/Product/7132232450229,ACTIVE,gid://shopify/ProductVariant/41517533003957,Default Title,7766No ColorOS,10,10
satin-wrapped-hair-towel-blush,gid://shopify/Product/7132855009461,ACTIVE,gid://shopify/ProductVariant/41518830583989,Default Title,8282No ColorOS,29,29
eco-friendly-exfoliating-glove-leopard,gid://shopify/Product/7132856320181,ACTIVE,gid://shopify/ProductVariant/41518833598645,Default Title,8268No ColorOS,10,10
eco-friendly-chain-claw-clip-3pc-set-black-moss,gid://shopify/Product/7164370747573,ACTIVE,gid://shopify/ProductVariant/41617040736437,Default Title,8589No ColorOS,9,9
basics-hair-ties-1,gid://shopify/Product/7230787518645,DRAFT,gid://shopify/ProductVariant/42080405291189,Default Title,4187NCOS,7,7
magnetic-bobby-pin-holder,gid://shopify/Product/7260028797109,ACTIVE,gid://shopify/ProductVariant/42166074474677,Default Title,9395No ColorOS,12,12
satin-pillowcase-lavender,gid://shopify/Product/7260030140597,DRAFT,gid://shopify/ProductVariant/42166075850933,Default Title,8855No ColorOS,19,19
satin-king-pillowcase-charcoal,gid://shopify/Product/7260030206133,ACTIVE,gid://shopify/ProductVariant/42166075916469,Default Title,9524No ColorONE SIZE,29,29
satin-sleep-scrunchies-5pk-cameo,gid://shopify/Product/7260031254709,ACTIVE,gid://shopify/ProductVariant/42166078537909,Default Title,9265NCONE SIZE,8,8
satin-wrapped-flexi-rods-6pc,gid://shopify/Product/7260031385781,ACTIVE,gid://shopify/ProductVariant/42166078668981,Default Title,9296NCOS,21,21
recycled-chiffon-polka-dot-bow-barrette,gid://shopify/Product/7260038037685,DRAFT,gid://shopify/ProductVariant/42166092726453,Default Title,9555No ColorONE SIZE,8,8
glazey-blush,gid://shopify/Product/7260038070453,ACTIVE,gid://shopify/ProductVariant/42166092759221,Default Title,9067No ColorOS,118,118
glazey-charcoal,gid://shopify/Product/7260038103221,ACTIVE,gid://shopify/ProductVariant/42166092791989,Default Title,9494No ColorOS,118,118
flat-lay-claw-clip-2pc-curved-black-tort,gid://shopify/Product/7285782315189,ACTIVE,gid://shopify/ProductVariant/42270724063413,Default Title,60008No ColorOS,9,9
banana-clip-2pc-black-and-tort,gid://shopify/Product/7285783429301,ACTIVE,gid://shopify/ProductVariant/42270724882613,Default Title,60022No ColorOS,15,15
flat-lay-claw-clip-3pc-flat-terracotta,gid://shopify/Product/7300327932085,ACTIVE,gid://shopify/ProductVariant/42306029650101,Default Title,60039No ColorOS,10,10
zig-zag-headband-2pc-black-and-tort,gid://shopify/Product/7300335894709,ACTIVE,gid://shopify/ProductVariant/42306043969717,Default Title,60145No ColorOS,15,15
micro-derma-roller-warm-gray,gid://shopify/Product/7301425266869,ACTIVE,gid://shopify/ProductVariant/42307894182069,Default Title,8251No ColorOS,14,14
ultra-sensitive-shampoo-body-wash-bar,gid://shopify/Product/7301864554677,ACTIVE,gid://shopify/ProductVariant/42309547753653,Default Title,9432No ColorOS,16,16
rabs-flat-lay-claw-clip-2pc-flat-black-tort,gid://shopify/Product/7319130079413,ACTIVE,gid://shopify/ProductVariant/42368184549557,Default Title,60015No ColorOS,9,9
perfect-glide-safety-razor,gid://shopify/Product/7328331268277,ACTIVE,gid://shopify/ProductVariant/42407066960053,Default Title,60602No ColorOS,29,29
kitsch-x-sunbum-scrunchies-3pc-set,gid://shopify/Product/7354781008053,DRAFT,gid://shopify/ProductVariant/42482322899125,Default Title,03493NCOS,8,8
razor-blade-refills-10pc-set,gid://shopify/Product/7359634309301,ACTIVE,gid://shopify/ProductVariant/42497600323765,Default Title,60619No ColorOS,5,5
sun-bum-3-in-1-leave-in-conditioner-treatment-1-5-fl-oz,gid://shopify/Product/7360410714293,DRAFT,gid://shopify/ProductVariant/42500598005941,Default Title,Sunbum ConditionerNCOS,6.49,6.49
king-pillowcase-aura,gid://shopify/Product/7362823520437,ACTIVE,gid://shopify/ProductVariant/42508448727221,Default Title,60787NCOS,36,36
volumizing-roller-clips,gid://shopify/Product/7362834956469,ACTIVE,gid://shopify/ProductVariant/42508522356917,Default Title,60169No ColorOS,10,10
satin-heatless-curling-set-charcoal,gid://shopify/Product/7363103359157,ACTIVE,gid://shopify/ProductVariant/42509274939573,Default Title,60657NCOS,18,18
recycled-nylon-glitter-medium-elastics-12pc-neutral,gid://shopify/Product/7363126231221,ACTIVE,gid://shopify/ProductVariant/42509329334453,Default Title,9661NCOS,10,10
eco-friendly-nylon-elastics-20pc-eucalyptus,gid://shopify/Product/7363138846901,ACTIVE,gid://shopify/ProductVariant/42509380616373,Default Title,60152No ColorOS,8,8
enamel-snap-clips-4pc-terracotta-1,gid://shopify/Product/7367103971509,DRAFT,gid://shopify/ProductVariant/42521940558005,Default Title,60053No ColorOS,8,8
ultra-sensitive-solid-conditioner-shave-bar,gid://shopify/Product/7372302057653,ACTIVE,gid://shopify/ProductVariant/42535365017781,Default Title,9821No ColorOS,14,14
purple-toning-solid-shampoo,gid://shopify/Product/7374187397301,ACTIVE,gid://shopify/ProductVariant/42549674016949,Default Title,9838No ColorOS,16,16
purple-toning-solid-conditioner,gid://shopify/Product/7374245036213,ACTIVE,gid://shopify/ProductVariant/42549739454645,Default Title,9845NCOS,16,16
shea-butter-solid-body-wash,gid://shopify/Product/7376125329589,ACTIVE,gid://shopify/ProductVariant/42552880103605,Default Title,9852No ColorOS,14,14
sage-assorted-claw-clip-3pc-set-octopus-claw-clip,gid://shopify/Product/7387985019061,ACTIVE,gid://shopify/ProductVariant/42582057418933,Default Title,60343No ColorOS,12,12
recycled-plastic-assorted-claw-clip-3pc-oversized-claw-clip,gid://shopify/Product/7387992424629,ACTIVE,gid://shopify/ProductVariant/42582073671861,Default Title,60428No ColorOS,12,12
pre-wash-scalp-hair-oil-with-rosemary-and-biotin,gid://shopify/Product/7388078997685,ACTIVE,gid://shopify/ProductVariant/42582367174837,Default Title,60633NCOS,15,15
ultra-petite-satin-scrunchies-6pc-terracotta,gid://shopify/Product/7388080799925,ACTIVE,gid://shopify/ProductVariant/42582368321717,Default Title,60527NCOS,12,12
ultra-petite-satin-scrunchies-6pc-eucalyptus,gid://shopify/Product/7388080832693,ACTIVE,gid://shopify/ProductVariant/42582368354485,Default Title,60558NCOS,10,10
recycled-plastic-octopus-claw-clip-2pc-set-black-tort,gid://shopify/Product/7388081029301,ACTIVE,gid://shopify/ProductVariant/42582368518325,Default Title,60237No ColorOS,9,9
solid-shave-butter,gid://shopify/Product/7388701917365,ACTIVE,gid://shopify/ProductVariant/42583455105205,Default Title,60626No ColorOS,10,10
recycled-plastic-zig-zag-headband-2pc-neutral,gid://shopify/Product/7393551548597,ACTIVE,gid://shopify/ProductVariant/42594841723061,Default Title,60459No ColorOS,15,15
assorted-textured-scrunchies-5pc-set-terracotta,gid://shopify/Product/7404725895349,ACTIVE,gid://shopify/ProductVariant/42723333701813,Default Title,5379 NWNCOS,10,10
scalp-exfoliator-terracotta,gid://shopify/Product/7429902532789,ACTIVE,gid://shopify/ProductVariant/42793722937525,Default Title,62064No ColorOS,7,7
satin-lined-flexi-shower-cap-terracotta-checker,gid://shopify/Product/7429903188149,ACTIVE,gid://shopify/ProductVariant/42793724510389,Default Title,61418No ColorOS,29,29
extra-large-quick-dry-hair-towel-wrap-terracotta-checker,gid://shopify/Product/7429903712437,ACTIVE,gid://shopify/ProductVariant/42793725952181,Default Title,60695No ColorOS,38,38
microfiber-quick-dry-towel-scrunchies-2pc-terracotta-checker,gid://shopify/Product/7429904335029,ACTIVE,gid://shopify/ProductVariant/42793726836917,Default Title,61449No ColorOS,21,21
body-wash-beauty-bar-bag-chocolate,gid://shopify/Product/7429904924853,ACTIVE,gid://shopify/ProductVariant/42793727721653,Default Title,60534NCOS,5,5
recycled-plastic-xl-creaseless-clips-2pc-set-terracotta-checker,gid://shopify/Product/7452625010869,ACTIVE,gid://shopify/ProductVariant/42876802039989,Default Title,62323No ColorOS,9,9
bond-repair-solid-treatment,gid://shopify/Product/7462818152629,ACTIVE,gid://shopify/ProductVariant/42917722685621,Default Title,61593No ColorOS,20,20
recycled-plastic-claw-clip-black-glitter,gid://shopify/Product/7467129667765,DRAFT,gid://shopify/ProductVariant/42929748541621,Default Title,62019No ColorOS,10,10
recycled-plastic-assorted-claw-clips-3pc-rectangle-open-shape,gid://shopify/Product/7467130454197,ACTIVE,gid://shopify/ProductVariant/42929751687349,Default Title,60572No ColorOS,12,12
extra-long-rhinestone-bobby-pins-4pc-set,gid://shopify/Product/7467136417973,DRAFT,gid://shopify/ProductVariant/42929766072501,Default Title,61883No ColorOS,10,10
recycled-fabric-wide-headband-2pc-set-black-and-camel,gid://shopify/Product/7467137892533,ACTIVE,gid://shopify/ProductVariant/42929772429493,Default Title,62033NCOS,12,12
satin-jumbo-flexi-rods-4pc-rosewood,gid://shopify/Product/7467140153525,ACTIVE,gid://shopify/ProductVariant/42929778065589,Default Title,60640NCOS,21,21
xl-satin-heatless-curling-set-chocolate,gid://shopify/Product/7467140612277,ACTIVE,gid://shopify/ProductVariant/42929779146933,Default Title,62415NCOS,20,20
xl-thermal-rollers-4pc-set-terracotta,gid://shopify/Product/7467141922997,ACTIVE,gid://shopify/ProductVariant/42929783865525,Default Title,62330No ColorOS,16,16
elf-x-kitsch-glitter-claw-clip,gid://shopify/Product/7467148378293,ACTIVE,gid://shopify/ProductVariant/42929794384053,Default Title,61937No ColorOS,10,10
elf-x-kitsch-scrunchies-2pc-set,gid://shopify/Product/7467149394101,ACTIVE,gid://shopify/ProductVariant/42929796120757,Default Title,61944No ColorOS,12,12
elf-x-kitsch-satin-heatless-curling-set-candy-cane,gid://shopify/Product/7467150606517,DRAFT,gid://shopify/ProductVariant/42929798021301,Default Title,61968No ColorOS,20,20
elf-x-kitsch-king-satin-pillowcase-periwinkle-christmas,gid://shopify/Product/7468149309621,ACTIVE,gid://shopify/ProductVariant/42934121660597,Default Title,64181No ColorOS,28,28
kitsch-x-bridgerton-satin-pillow-scrunchies,gid://shopify/Product/7476559872181,ACTIVE,gid://shopify/ProductVariant/43053298876597,Default Title,63627No ColorOS,20,20
recycled-plastic-mini-puffy-claw-clips-8pc-set-rosewood,gid://shopify/Product/7503444050101,ACTIVE,gid://shopify/ProductVariant/43145283797173,Default Title,64273No ColorOS,10,10
recycled-plastic-puffy-claw-clip-1pc-rosewood,gid://shopify/Product/7503446016181,ACTIVE,gid://shopify/ProductVariant/43145293037749,Default Title,64280No ColorOS,10,10
recycled-plastic-puffy-claw-clip-1pc-chocolate,gid://shopify/Product/7503446048949,ACTIVE,gid://shopify/ProductVariant/43145293103285,Default Title,64990No ColorOS,10,10
recycled-fabric-puffy-scrunchies-3pc-set-rosewood,gid://shopify/Product/7503446507701,ACTIVE,gid://shopify/ProductVariant/43145295560885,Default Title,64297No ColorOS,12,12
recycled-fabric-bow-hair-clip-black,gid://shopify/Product/7503446704309,ACTIVE,gid://shopify/ProductVariant/43145297363125,Default Title,64310No ColorOS,10,10
satin-petite-scrunchies-5pc-set-sedona,gid://shopify/Product/7511303356597,ACTIVE,gid://shopify/ProductVariant/43169736196277,Default Title,63023No ColorOS,10,10
satin-petite-scrunchies-5pc-set-midnight,gid://shopify/Product/7511304011957,ACTIVE,gid://shopify/ProductVariant/43169737998517,Default Title,63047No ColorOS,10,10
recycled-fabric-puffy-headband-1pc-black,gid://shopify/Product/7511335960757,ACTIVE,gid://shopify/ProductVariant/43169862680757,Default Title,64242No ColorOS,14,14
continuous-spray-black,gid://shopify/Product/7515428126901,ACTIVE,gid://shopify/ProductVariant/43181148340405,Default Title,64426No ColorOS,12,12
continuous-spray-white,gid://shopify/Product/7515429077173,ACTIVE,gid://shopify/ProductVariant/43181150208181,Default Title,64815No ColorOS,12,12
wonder-woman-x-kitsch-king-satin-pillowcase-comic-print,gid://shopify/Product/7518707712181,ACTIVE,gid://shopify/ProductVariant/43189384478901,Default Title,64174No ColorOS,28,28
wonder-woman-x-kitsch-king-satin-pillowcase-believe-in-wonder,gid://shopify/Product/7518709940405,ACTIVE,gid://shopify/ProductVariant/43189397586101,Default Title,64167No ColorOS,28,28
metal-rhinestone-drop-bobby-pins-4pcs-gold-and-silver,gid://shopify/Product/7526151585973,ACTIVE,gid://shopify/ProductVariant/43209036071093,Default Title,63009No ColorOS,12,12
metal-rhinestone-assorted-bobby-pins-4pcs-gold,gid://shopify/Product/7526151651509,DRAFT,gid://shopify/ProductVariant/43209036202165,Default Title,63016No ColorOS,12,12
metal-rhinestone-large-open-shape-hair-clip-1pc-gold,gid://shopify/Product/7526151848117,ACTIVE,gid://shopify/ProductVariant/43209037676725,Default Title,63030No ColorOS,9,9
metal-enamel-puffy-bow-bobby-pins-8pc-set-rosewood,gid://shopify/Product/7526153420981,ACTIVE,gid://shopify/ProductVariant/43209044426933,Default Title,64259No ColorOS,10,10
gold-french-hair-pin,gid://shopify/Product/7526153453749,ACTIVE,gid://shopify/ProductVariant/43209044459701,Default Title,64266No ColorOS,14,14
continuous-spray-terracotta,gid://shopify/Product/7526249070773,ACTIVE,gid://shopify/ProductVariant/43209163079861,Default Title,64808No ColorOS,12,12
standard-satin-pillowcase-heart,gid://shopify/Product/7541490057397,ACTIVE,gid://shopify/ProductVariant/43241907060917,Default Title,64440No ColorOS,20,20
volumizing-rice-protein-dry-shampoo-light-tinted-powder,gid://shopify/Product/7558041862325,ACTIVE,gid://shopify/ProductVariant/43287754047669,Default Title,63856No ColorOS,15,15
volumizing-rice-protein-dry-shampoo-dark-tinted-powder,gid://shopify/Product/7558042845365,ACTIVE,gid://shopify/ProductVariant/43287764533429,Default Title,65737No ColorOS,15,15
hair-wax-stick,gid://shopify/Product/7558045139125,ACTIVE,gid://shopify/ProductVariant/43287776952501,Default Title,64976No ColorOS,16,16
bt21-x-kitsch-satin-sleep-scrunchies-4pc-set,gid://shopify/Product/7583595331765,ACTIVE,gid://shopify/ProductVariant/43385945030837,Default Title,66581No ColorOS,10,10
standard-satin-pillowcase-haze-blue,gid://shopify/Product/7595642683573,ACTIVE,gid://shopify/ProductVariant/43422493900981,Default Title,65157No ColorOS,29,29
king-satin-pillowcase-haze-blue,gid://shopify/Product/7595645108405,ACTIVE,gid://shopify/ProductVariant/43422504353973,Default Title,65164No ColorOS,36,36
hello-kitty-x-kitsch-recycled-plastic-assorted-claw-clips-3pc-set,gid://shopify/Product/7602368970933,DRAFT,gid://shopify/ProductVariant/43438689484981,Default Title,66970No ColorOS,12,12
hello-kitty-x-kitsch-recycled-plastic-jumbo-open-shape-claw-clip-1pc-pink-kitty-faces,gid://shopify/Product/7602370150581,ACTIVE,gid://shopify/ProductVariant/43438690664629,Default Title,66819No ColorOS,12,12
hello-kitty-x-kitsch-recycled-plastic-puffy-claw-clip-1pc-kitty-bows,gid://shopify/Product/7602374017205,ACTIVE,gid://shopify/ProductVariant/43438695448757,Default Title,65690No ColorOS,10,10
hello-kitty-x-kitsch-recycled-plastic-puffy-claw-clip-1pc-kitty-face,gid://shopify/Product/7602375327925,ACTIVE,gid://shopify/ProductVariant/43438697250997,Default Title,65683No ColorOS,10,10
hello-kitty-x-kitsch-recycled-fabric-puffy-scrunchies-3pc-set,gid://shopify/Product/7602398101685,ACTIVE,gid://shopify/ProductVariant/43438725759157,Default Title,65713No ColorOS,14,14
the-shower-filter-chrome,gid://shopify/Product/7602496798901,ACTIVE,gid://shopify/ProductVariant/43438881177781,Default Title,64396No ColorOS,40,40
hello-kitty-x-kitsch-pillowcase-standard-solid-pink-kitty-face,gid://shopify/Product/7602974326965,ACTIVE,gid://shopify/ProductVariant/43440789913781,Default Title,65621No ColorOS,22,22
hello-kitty-x-kitsch-pillowcase-standard-solid-ivory-kitty-bow,gid://shopify/Product/7602975146165,ACTIVE,gid://shopify/ProductVariant/43440792436917,Default Title,65638No ColorOS,22,22
hello-kitty-x-kitsch-pillowcase-standard-pink-kitty-faces,gid://shopify/Product/7602976424117,ACTIVE,gid://shopify/ProductVariant/43440797941941,Default Title,65775No ColorOS,22,22
hello-kitty-x-kitsch-pillowcase-standard-kitty-bathes-in-a-sea-of-bows,gid://shopify/Product/7602977210549,ACTIVE,gid://shopify/ProductVariant/43440798957749,Default Title,65812No ColorOS,22,22
hello-kitty-x-kitsch-pillowcase-king-solid-pink-kitty-face,gid://shopify/Product/7602977931445,ACTIVE,gid://shopify/ProductVariant/43440800334005,Default Title,65645No ColorOS,26,26
hello-kitty-x-kitsch-pillowcase-king-pink-kitty-faces,gid://shopify/Product/7602978390197,ACTIVE,gid://shopify/ProductVariant/43440801218741,Default Title,65782No ColorOS,26,26
hello-kitty-x-kitsch-pillowcase-king-kitty-bathes-in-a-sea-of-bows,gid://shopify/Product/7602978586805,ACTIVE,gid://shopify/ProductVariant/43440801579189,Default Title,65829No ColorOS,26,26
hello-kitty-x-kitsch-xl-heatless-curling-set-pink-kitty-faces,gid://shopify/Product/7602979569845,ACTIVE,gid://shopify/ProductVariant/43440803807413,Default Title,65676NCOS,23,23
tiger-shark-beaded-bracelet,gid://shopify/Product/7613471654069,DRAFT,gid://shopify/ProductVariant/43483191836853,Default Title,4OCEAN-TSNo ColorOS,24,24
the-shower-filter-black,gid://shopify/Product/7614955618485,ACTIVE,gid://shopify/ProductVariant/43487639273653,Default Title,65751No ColorOS,40,40
the-shower-filter-terracotta,gid://shopify/Product/7614966595765,ACTIVE,gid://shopify/ProductVariant/43487651037365,Default Title,65768No ColorOS,40,40
hello-kitty-x-kitsch-pillowcase-king-solid-ivory-kitty-bow,gid://shopify/Product/7617154613429,ACTIVE,gid://shopify/ProductVariant/43496712929461,Default Title,65652No ColorOS,26,26
hello-kitty-x-kitsch-sleep-mist-strawberry,gid://shopify/Product/7618317549749,DRAFT,gid://shopify/ProductVariant/43503926935733,Default Title,65911No ColorOS,19,19
bt21-x-kitsch-recycled-plastic-puffy-claw-clip-1pc-koya,gid://shopify/Product/7618957246645,ACTIVE,gid://shopify/ProductVariant/43506841059509,Default Title,66321No ColorOS,12,12
bt21-x-kitsch-recycled-plastic-puffy-claw-clip-1pc-rj,gid://shopify/Product/7618957607093,ACTIVE,gid://shopify/ProductVariant/43506842763445,Default Title,66338No ColorOS,12,12
bt21-x-kitsch-recycled-plastic-puffy-claw-clip-1pc-shooky,gid://shopify/Product/7618958131381,ACTIVE,gid://shopify/ProductVariant/43506845286581,Default Title,66345No ColorOS,12,12
bt21-x-kitsch-recycled-plastic-puffy-claw-clip-1pc-mang,gid://shopify/Product/7618958327989,ACTIVE,gid://shopify/ProductVariant/43506846040245,Default Title,66352No ColorOS,12,12
bt21-x-kitsch-recycled-plastic-puffy-claw-clip-1pc-tata,gid://shopify/Product/7618959081653,ACTIVE,gid://shopify/ProductVariant/43506848399541,Default Title,66376No ColorOS,12,12
bt21-x-kitsch-recycled-plastic-puffy-claw-clip-1pc-cooky,gid://shopify/Product/7618959245493,DRAFT,gid://shopify/ProductVariant/43506849677493,Default Title,66383No ColorOS,12,12
bt21-x-kitsch-recycled-plastic-puffy-claw-clip-1pc-van,gid://shopify/Product/7618959638709,ACTIVE,gid://shopify/ProductVariant/43506854428853,Default Title,66390No ColorOS,12,12
bt21-x-kitsch-claw-clip-organizer,gid://shopify/Product/7618960326837,ACTIVE,gid://shopify/ProductVariant/43506865340597,Default Title,66406No ColorOS,15,15
hello-kitty-x-kitsch-recycled-plastic-bow-shape-claw-clip-1pc,gid://shopify/Product/7620034199733,ACTIVE,gid://shopify/ProductVariant/43513266536629,Default Title,66987No ColorOS,12,12
recycled-fabric-bow-hair-clip-rosewood,gid://shopify/Product/7623177076917,ACTIVE,gid://shopify/ProductVariant/43530574397621,Default Title,66840No ColorOS,10,10
the-shower-filter-refill-cartridge,gid://shopify/Product/7624306098357,ACTIVE,gid://shopify/ProductVariant/43537966170293,Default Title,64969No ColorOS,20,20
king-satin-pillowcase-silver,gid://shopify/Product/7639261872309,ACTIVE,gid://shopify/ProductVariant/43575838146741,Default Title,65836No ColorOS,36,36
satin-pillowcase-king-heart,gid://shopify/Product/7681312522421,ACTIVE,gid://shopify/ProductVariant/43706224378037,Default Title,67212No ColorOS,29,29
metal-open-shape-cloud-claw-clip-1pc-gold,gid://shopify/Product/7682134147253,ACTIVE,gid://shopify/ProductVariant/43709796450485,Default Title,65942No ColorOS,9,9
metal-medium-open-shape-cloud-claw-clip-1pc-hematite,gid://shopify/Product/7682137686197,ACTIVE,gid://shopify/ProductVariant/43709838491829,Default Title,66956No ColorOS,9,9
recycled-plastic-medium-rhinestone-cloud-claw-clip-black,gid://shopify/Product/7682141880501,ACTIVE,gid://shopify/ProductVariant/43709881090229,Default Title,65966No ColorOS,12,12
recycled-plastic-medium-rhinestone-cloud-claw-clip-camel,gid://shopify/Product/7682146762933,ACTIVE,gid://shopify/ProductVariant/43709954425013,Default Title,66154No ColorOS,7,10
recycled-plastic-medium-rhinestone-cloud-claw-clip-ivory,gid://shopify/Product/7682151678133,ACTIVE,gid://shopify/ProductVariant/43710007967925,Default Title,67205No ColorOS,12,12
recycled-plastic-cloud-claw-clips-2pc-set-black-and-tort,gid://shopify/Product/7683048734901,ACTIVE,gid://shopify/ProductVariant/43714696380597,Default Title,66222No ColorOS,12,12
rosemary-biotin-volumizing-solid-shampoo,gid://shopify/Product/7696241230005,ACTIVE,gid://shopify/ProductVariant/43761596465333,Default Title,64945No ColorOS,16,16
castor-oil-solid-conditioner,gid://shopify/Product/7696267772085,ACTIVE,gid://shopify/ProductVariant/43761727602869,Default Title,66826No ColorOS,16,16
rosemary-biotin-volumizing-solid-conditioner,gid://shopify/Product/7696270327989,ACTIVE,gid://shopify/ProductVariant/43761736614069,Default Title,64952No ColorOS,16,16
exfoliating-glove-black,gid://shopify/Product/7703558521013,ACTIVE,gid://shopify/ProductVariant/43792255418549,Default Title,66925No ColorOS,10,10
moisturizing-argan-milk-leave-in-conditioner,gid://shopify/Product/7720880930997,ACTIVE,gid://shopify/ProductVariant/43850836443317,Default Title,64488No ColorOS,11,11
recycled-plastic-wide-headband-tort,gid://shopify/Product/7724548980917,ACTIVE,gid://shopify/ProductVariant/43864017404085,Default Title,66949No ColorOS,12,12
perfect-glide-safety-razor-black2,gid://shopify/Product/7737519308981,ACTIVE,gid://shopify/ProductVariant/43898909622453,Default Title,67786No ColorOS,29,29
hello-kitty-x-kitsch-glazey-pink-kitty-faces,gid://shopify/Product/7740515582133,ACTIVE,gid://shopify/ProductVariant/43906180513973,Default Title,66505No ColorOS,125,125
tea-tree-mint-clarifying-solid-conditioner,gid://shopify/Product/7745698857141,ACTIVE,gid://shopify/ProductVariant/43916267684021,Default Title,66833NCOS,16,16
holiday-recycled-plastic-claw-clip-1pc-tort,gid://shopify/Product/7745732083893,DRAFT,gid://shopify/ProductVariant/43916401606837,Default Title,66789No ColorOS,8,8
gift-of-glam-creaseless-clips-2pc-set-rhinestone,gid://shopify/Product/7745732608181,DRAFT,gid://shopify/ProductVariant/43916402098357,Default Title,64679No ColorOS,10,10
100-castor-oil-2oz,gid://shopify/Product/7752449032373,ACTIVE,gid://shopify/ProductVariant/43933843751093,Default Title,65324No ColorOS,12,12
bt21-x-kitsch-recycled-plastic-puffy-claw-clip-1pc-chimmy,gid://shopify/Product/7753843671221,ACTIVE,gid://shopify/ProductVariant/43940984029365,Default Title,66369No ColorOS,12,12
vented-paddle-brush-1pc-terracotta,gid://shopify/Product/7758682521781,DRAFT,gid://shopify/ProductVariant/43956832436405,Default Title,67816No ColorOS,12,12
shave-butter-gender-neutral-packaging,gid://shopify/Product/7773864198325,DRAFT,gid://shopify/ProductVariant/43997835854005,Default Title,67809No ColorOS,9,9
kojic-acid-face-and-body-bar,gid://shopify/Product/7785571680437,ACTIVE,gid://shopify/ProductVariant/44017093771445,Default Title,66185NCOS,18,18
coconut-oil-deep-moisturizing-solid-shampoo-bar,gid://shopify/Product/7785573023925,ACTIVE,gid://shopify/ProductVariant/44017100718261,Default Title,64938NCOS,16,16
shower-filter-refill-cartridge-2pc,gid://shopify/Product/7800145936565,DRAFT,gid://shopify/ProductVariant/44039495352501,Default Title,68622No ColorOS,38,38
hair-catcher,gid://shopify/Product/7832227479733,ACTIVE,gid://shopify/ProductVariant/44093145972917,Default Title,65805No ColorOS,10,10
harry-potter-x-kitsch-satin-pillowcase-king-gryffindor,gid://shopify/Product/7863090512053,ACTIVE,gid://shopify/ProductVariant/44177241899189,Default Title,66659No ColorOS,26,26
harry-potter-x-kitsch-satin-pillowcase-king-hufflepuff,gid://shopify/Product/7863093690549,ACTIVE,gid://shopify/ProductVariant/44177253892277,Default Title,66666No ColorOS,26,26
harry-potter-x-kitsch-satin-pillowcase-king-slytherin,gid://shopify/Product/7863095427253,ACTIVE,gid://shopify/ProductVariant/44177259528373,Default Title,66680No ColorOS,26,26
harry-potter-x-kitsch-satin-pillowcase-king-ravenclaw,gid://shopify/Product/7863097852085,ACTIVE,gid://shopify/ProductVariant/44177266278581,Default Title,66673No ColorOS,26,26
harry-potter-x-kitsch-satin-scrunchies-4pc-set,gid://shopify/Product/7863101259957,ACTIVE,gid://shopify/ProductVariant/44177275748533,Default Title,65355No ColorOS,10,10
harry-potter-x-kitsch-recycled-plastic-claw-clip-1pc-gryffindor,gid://shopify/Product/7863108468917,ACTIVE,gid://shopify/ProductVariant/44177301078197,Default Title,66697No ColorOS,10,10
harry-potter-x-kitsch-recycled-plastic-claw-clip-1pc-slytherin,gid://shopify/Product/7863110697141,ACTIVE,gid://shopify/ProductVariant/44177310744757,Default Title,65171No ColorOS,10,10
harry-potter-x-kitsch-recycled-plastic-claw-clip-1pc-ravenclaw,gid://shopify/Product/7863113810101,ACTIVE,gid://shopify/ProductVariant/44177327620277,Default Title,66994No ColorOS,10,10
harry-potter-x-kitsch-recycled-plastic-claw-clip-1pc-hufflepuff,gid://shopify/Product/7863117086901,ACTIVE,gid://shopify/ProductVariant/44177342365877,Default Title,66703No ColorOS,10,10
elf-x-kitsch-satin-pillowcase-king-north-pole,gid://shopify/Product/7881405989045,ACTIVE,gid://shopify/ProductVariant/44216833605813,Default Title,67151No ColorOS,26,26
vented-paddle-brush-1pc-black,gid://shopify/Product/7883306139829,DRAFT,gid://shopify/ProductVariant/44220506276021,Default Title,66260No ColorOS,12,12
detangling-brush-1pc-black,gid://shopify/Product/7928966447285,ACTIVE,gid://shopify/ProductVariant/44339409846453,Default Title,66284No ColorOS,12,12
detangling-brush-1pc-haze-blue,gid://shopify/Product/7928966480053,ACTIVE,gid://shopify/ProductVariant/44339409879221,Default Title,67120No ColorOS,12,12
detangling-brush-1pc-terracotta,gid://shopify/Product/7928967168181,ACTIVE,gid://shopify/ProductVariant/44339411288245,Default Title,67137No ColorOS,14,14
harry-potter-x-kitsch-satin-pillowcase-standard-gryffindor,gid://shopify/Product/7929411567797,ACTIVE,gid://shopify/ProductVariant/44341135245493,Default Title,66611No ColorOS,22,22
harry-potter-x-kitsch-satin-pillowcase-standard-hufflepuff,gid://shopify/Product/7929413730485,ACTIVE,gid://shopify/ProductVariant/44341141536949,Default Title,66628No ColorOS,22,22
harry-potter-x-kitsch-satin-pillowcase-standard-ravenclaw,gid://shopify/Product/7929415467189,ACTIVE,gid://shopify/ProductVariant/44341145665717,Default Title,66635No ColorOS,22,22
harry-potter-x-kitsch-satin-pillowcase-standard-slytherin,gid://shopify/Product/7929416777909,ACTIVE,gid://shopify/ProductVariant/44341151236277,Default Title,66642No ColorOS,22,22
harry-potter-x-kitsch-satin-wrapped-hair-towel-gryffindor,gid://shopify/Product/7929428312245,ACTIVE,gid://shopify/ProductVariant/44341180793013,Default Title,66710No ColorOS,29,29
harry-potter-x-kitsch-satin-wrapped-hair-towel-hufflepuff,gid://shopify/Product/7929436307637,ACTIVE,gid://shopify/ProductVariant/44341197275317,Default Title,66727No ColorOS,29,29
harry-potter-x-kitsch-satin-wrapped-hair-towel-ravenclaw,gid://shopify/Product/7929452986549,ACTIVE,gid://shopify/ProductVariant/44341246001333,Default Title,66734No ColorOS,29,29
harry-potter-x-kitsch-satin-wrapped-hair-towel-slytherin,gid://shopify/Product/7929454100661,ACTIVE,gid://shopify/ProductVariant/44341250523317,Default Title,66741No ColorOS,29,29
scalp-oil-applicator,gid://shopify/Product/7956297089205,ACTIVE,gid://shopify/ProductVariant/44417594097845,Default Title,67830No ColorOS,15,15
exfoliating-glove-2pc-black-terracotta,gid://shopify/Product/7973025579189,ACTIVE,gid://shopify/ProductVariant/44487777517749,Default Title,66574No ColorOS,16,16
heat-protectant-styling-mist,gid://shopify/Product/7986033852597,ACTIVE,gid://shopify/ProductVariant/44524282806453,Default Title,69452No ColorOS,19,19
recycled-plastic-mini-cloud-claw-clips-6pc-set-black-and-tort,gid://shopify/Product/7990256369845,ACTIVE,gid://shopify/ProductVariant/44567302701237,Default Title,66215No ColorOS,10,10
coconut-oil-deep-moisturizing-solid-conditioner-bar,gid://shopify/Product/7992341692597,DRAFT,gid://shopify/ProductVariant/44539392229557,Default Title,,14,14
black-seamless-hair-elastics-8pc-set,gid://shopify/Product/8009572679861,ACTIVE,gid://shopify/ProductVariant/44596498268341,Default Title,68899No ColorOS,8,8
rosewood-seamless-hair-elastics-8pc-set,gid://shopify/Product/8009576153269,ACTIVE,gid://shopify/ProductVariant/44596502921397,Default Title,69292No ColorOS,8,8
garden-bouquet-seamless-hair-elastics-8pc-set,gid://shopify/Product/8009670688949,ACTIVE,gid://shopify/ProductVariant/44596631863477,Default Title,68905No ColorOS,8,8
blue-orchid-cloud-claw-clip-medium,gid://shopify/Product/8009708765365,ACTIVE,gid://shopify/ProductVariant/44596689436853,Default Title,68875No ColorOS,8,8
hydrangea-breeze-cloud-claw-clip-medium,gid://shopify/Product/8009711222965,ACTIVE,gid://shopify/ProductVariant/44596691927221,Default Title,68912No ColorOS,8,8
garden-bouquet-cloud-claw-clips-8pc-set-mini,gid://shopify/Product/8009716203701,ACTIVE,gid://shopify/ProductVariant/44596700348597,Default Title,69209No ColorOS,10,10
blue-orchid-chiffon-bow-hair-clip,gid://shopify/Product/8009722953909,ACTIVE,gid://shopify/ProductVariant/44596707164341,Default Title,69346No ColorOS,10,10
garden-bouquet-cloud-gem-bobby-pins-8pc-set,gid://shopify/Product/8009738289333,ACTIVE,gid://shopify/ProductVariant/44596722598069,Default Title,69445No ColorOS,10,10
garden-bouquet-cloud-scrunchies-3pc-set,gid://shopify/Product/8009750479029,ACTIVE,gid://shopify/ProductVariant/44596738031797,Default Title,68882No ColorOS,12,12
texturizing-sea-salt-spray,gid://shopify/Product/8021527298229,ACTIVE,gid://shopify/ProductVariant/44623600058549,Default Title,69551No ColorOS,18,18
sheer-violet-hair-perfume,gid://shopify/Product/8022084878517,ACTIVE,gid://shopify/ProductVariant/44624967532725,Default Title,69421No ColorOS,20,20
warm-sugar-hair-perfume,gid://shopify/Product/8022086385845,ACTIVE,gid://shopify/ProductVariant/44624969040053,Default Title,69841No ColorOS,20,20
pistachio-latte-hair-perfume,gid://shopify/Product/8022087499957,ACTIVE,gid://shopify/ProductVariant/44624970186933,Default Title,69865No ColorOS,20,20
amber-shores-hair-perfume,gid://shopify/Product/8022088384693,ACTIVE,gid://shopify/ProductVariant/44624971169973,Default Title,69858No ColorOS,20,20
all-dressed-up-rhinestone-bobby-pins-4pc-set,gid://shopify/Product/8033156464821,ACTIVE,gid://shopify/ProductVariant/44651106402485,Default Title,64662No ColorOS,10,10
repairing-argan-oil-shampoo-bar,gid://shopify/Product/8033261093045,ACTIVE,gid://shopify/ProductVariant/44651496046773,Default Title,69605NCOS,16,16
repairing-argan-oil-conditioner-bar,gid://shopify/Product/8033262469301,ACTIVE,gid://shopify/ProductVariant/44651499782325,Default Title,69612NCOS,16,16
mini-scalp-hair-oil-sampler,gid://shopify/Product/8033416773813,ACTIVE,gid://shopify/ProductVariant/44651939659957,Default Title,67823No ColorOS,11,11
hair-by-chrissy-x-kitsch-ceramic-thermal-rollers-8pc-set,gid://shopify/Product/8038808191157,ACTIVE,gid://shopify/ProductVariant/44680301641909,Default Title,500331No ColorOS,18,18
rosewood-wide-twist-headbands-2pc-set,gid://shopify/Product/8040146075829,ACTIVE,gid://shopify/ProductVariant/44687416918197,Default Title,68950No ColorOS,12,12
garden-bouquet-wide-twist-headbands-2pc-set,gid://shopify/Product/8040146501813,ACTIVE,gid://shopify/ProductVariant/44687420129461,Default Title,69360No ColorOS,12,12
dermaplaning-oil,gid://shopify/Product/8040163803317,ACTIVE,gid://shopify/ProductVariant/44687512273077,Default Title,500591No ColorOS,19,19
tort-flat-cloud-clip-large,gid://shopify/Product/8050706579637,ACTIVE,gid://shopify/ProductVariant/44728555700405,Default Title,69032No ColorOS,10,10
tort-flat-cloud-clip-medium,gid://shopify/Product/8050727387317,ACTIVE,gid://shopify/ProductVariant/44728633163957,Default Title,69049No ColorOS,9,9
tort-flat-cloud-clip-small,gid://shopify/Product/8050727813301,ACTIVE,gid://shopify/ProductVariant/44728635883701,Default Title,69100No ColorOS,8,8
blue-orchid-flat-cloud-clip-large,gid://shopify/Product/8050731352245,ACTIVE,gid://shopify/ProductVariant/44728656494773,Default Title,69018No ColorOS,10,10
hydrangea-breeze-flat-cloud-clip-medium,gid://shopify/Product/8050731483317,ACTIVE,gid://shopify/ProductVariant/44728656986293,Default Title,69025No ColorOS,9,9
sage-leaf-flat-cloud-clip-small,gid://shopify/Product/8050733023413,ACTIVE,gid://shopify/ProductVariant/44728659345589,Default Title,69001No ColorOS,8,8
sedona-active-headbands-3pc-set,gid://shopify/Product/8050734432437,ACTIVE,gid://shopify/ProductVariant/44728661835957,Default Title,501611No ColorOS,10,10
rosewood-active-headbands-3pc-set,gid://shopify/Product/8050734792885,ACTIVE,gid://shopify/ProductVariant/44728662130869,Default Title,501628No ColorOS,10,10
garden-bouquet-active-headbands-3pc-set,gid://shopify/Product/8050735349941,ACTIVE,gid://shopify/ProductVariant/44728664359093,Default Title,501635No ColorOS,10,10
garden-bouquet-ruched-satin-scrunchies-5pc-set,gid://shopify/Product/8050736300213,ACTIVE,gid://shopify/ProductVariant/44728670290101,Default Title,501598No ColorOS,10,10
sedona-cloud-scrunchies-3pc-set,gid://shopify/Product/8050737676469,ACTIVE,gid://shopify/ProductVariant/44728676876469,Default Title,501604No ColorOS,12,12
sedona-cloud-claw-clips-8pc-set-mini,gid://shopify/Product/8050743705781,ACTIVE,gid://shopify/ProductVariant/44728704204981,Default Title,501581No ColorOS,10,10
sedona-metal-cloud-pins-snap-clips-8pc-set,gid://shopify/Product/8050747375797,ACTIVE,gid://shopify/ProductVariant/44728739725493,Default Title,501574No ColorOS,10,10
adjustable-oversized-satin-bonnet-blush,gid://shopify/Product/8050750292149,ACTIVE,gid://shopify/ProductVariant/44728752472245,Default Title,69919No ColorOS,22,22
adjustable-oversized-satin-bonnet-charcoal,gid://shopify/Product/8050750390453,ACTIVE,gid://shopify/ProductVariant/44728753029301,Default Title,69926No ColorOS,22,22
adjustable-oversized-satin-bonnet-aura,gid://shopify/Product/8050750521525,ACTIVE,gid://shopify/ProductVariant/44728753160373,Default Title,69933No ColorOS,22,22
adjustable-oversized-satin-bonnet-haze-blue,gid://shopify/Product/8050750619829,ACTIVE,gid://shopify/ProductVariant/44728753324213,Default Title,69940No ColorOS,22,22
eucalyptus-velvet-xl-flexi-rods-4pc-set,gid://shopify/Product/8050751471797,ACTIVE,gid://shopify/ProductVariant/44728768430261,Default Title,68844NCOS,20,20
castor-oil-conditioner-bar-bag,gid://shopify/Product/8050764611765,ACTIVE,gid://shopify/ProductVariant/44728805032117,Default Title,501437No ColorOS,5,5
castor-oil-shampoo-bar-bag,gid://shopify/Product/8050774540469,ACTIVE,gid://shopify/ProductVariant/44728821055669,Default Title,501444No ColorOS,5,5
rice-water-protein-conditioner-bar-bag,gid://shopify/Product/8050776375477,ACTIVE,gid://shopify/ProductVariant/44728823283893,Default Title,501451No ColorOS,5,5
rice-water-protein-shampoo-bar-bag,gid://shopify/Product/8050779160757,ACTIVE,gid://shopify/ProductVariant/44728826003637,Default Title,501468No ColorOS,5,5
rosemary-biotin-conditioner-bar-bag,gid://shopify/Product/8050783715509,ACTIVE,gid://shopify/ProductVariant/44728835866805,Default Title,501475No ColorOS,5,5
rosemary-biotin-shampoo-bar-bag,gid://shopify/Product/8050783748277,ACTIVE,gid://shopify/ProductVariant/44728835899573,Default Title,501482No ColorOS,5,5
volumizing-rice-protein-dry-shampoo-with-pump-invisible,gid://shopify/Product/8058108412085,ACTIVE,gid://shopify/ProductVariant/44751341519029,Default Title,500935No ColorOS,15,15
volumizing-rice-protein-dry-shampoo-with-pump-dark-hair,gid://shopify/Product/8058108575925,ACTIVE,gid://shopify/ProductVariant/44751341748405,Default Title,500942No ColorOS,15,15
styling-taming-wand,gid://shopify/Product/8059262566581,ACTIVE,gid://shopify/ProductVariant/44756615856309,Default Title,501383No ColorOS,18,18
tart-cherry-hair-perfume,gid://shopify/Product/8060554215605,ACTIVE,gid://shopify/ProductVariant/44763767537845,Default Title,69162No ColorOS,20,20
cherry-print-satin-shower-cap,gid://shopify/Product/8066607448245,ACTIVE,gid://shopify/ProductVariant/44778589388981,Default Title,69957No ColorOS,29,29
cherry-print-oversized-satin-bonnet,gid://shopify/Product/8066641395893,ACTIVE,gid://shopify/ProductVariant/44778770858165,Default Title,500621No ColorOS,22,22
cherry-blossom-dermaplaners-6pc-set,gid://shopify/Product/8066689958069,ACTIVE,gid://shopify/ProductVariant/44778969694389,Default Title,501420No ColorOS,15,15
cherry-print-creaseless-clips-4pc-set,gid://shopify/Product/8066699559093,ACTIVE,gid://shopify/ProductVariant/44779030053045,Default Title,500577No ColorOS,12,12
cherry-rhinestone-claw-clips-2pc-set-mini,gid://shopify/Product/8068469358773,ACTIVE,gid://shopify/ProductVariant/44782514307253,Default Title,500584No ColorOS,12,12
cherry-blossom-cloud-claw-clips-8pc-set-mini,gid://shopify/Product/8068490625205,DRAFT,gid://shopify/ProductVariant/44782544715957,Default Title,500393No ColorOS,10,10
recycled-plastic-medium-cloud-clip-cherry,gid://shopify/Product/8068494229685,ACTIVE,gid://shopify/ProductVariant/44782564442293,Default Title,500416No ColorOS,8,8
cherry-flat-cloud-clip-medium,gid://shopify/Product/8068495540405,ACTIVE,gid://shopify/ProductVariant/44782584660149,Default Title,500447No ColorOS,9,9
cherry-blossom-ruched-satin-scrunchies-5pc-set,gid://shopify/Product/8068505501877,ACTIVE,gid://shopify/ProductVariant/44782639546549,Default Title,500423No ColorOS,12,12
cherry-print-xl-hair-towel-wrap,gid://shopify/Product/8068506058933,ACTIVE,gid://shopify/ProductVariant/44782643445941,Default Title,69964No ColorOS,38,38
cleansing-tart-cherry-body-wash,gid://shopify/Product/8071393050805,ACTIVE,gid://shopify/ProductVariant/44790287597749,Default Title,69179No ColorOS,12,12
gold-metal-cloud-cuff-large,gid://shopify/Product/8108768264373,ACTIVE,gid://shopify/ProductVariant/44851294437557,Default Title,69377No ColorOS,10,10
gold-metal-cloud-cuff-small,gid://shopify/Product/8108769018037,ACTIVE,gid://shopify/ProductVariant/44851299582133,Default Title,68943No ColorOS,8,8
silver-french-hair-pin,gid://shopify/Product/8108769542325,ACTIVE,gid://shopify/ProductVariant/44851304038581,Default Title,501949No ColorOS,14,14
hematite-french-hair-pin,gid://shopify/Product/8108770295989,ACTIVE,gid://shopify/ProductVariant/44851306758325,Default Title,501956No ColorOS,14,14
gold-metal-cloud-cuff-medium,gid://shopify/Product/8108894159029,ACTIVE,gid://shopify/ProductVariant/44851628048565,Default Title,69322No ColorOS,9,9
kitschpro-u-pins-brown,gid://shopify/Product/8116719091893,ACTIVE,gid://shopify/ProductVariant/44903491567797,Default Title,5281NCOS,8,8
satin-glazey-pink,gid://shopify/Product/8158464999605,DRAFT,gid://shopify/ProductVariant/45100433768629,Default Title,504674No ColorOS,118,118
volumizing-thermal-round-brush,gid://shopify/Product/8177263870133,ACTIVE,gid://shopify/ProductVariant/45170165219509,Default Title,504261,49.99,79.99
detangling-flexi-brush-terracotta,gid://shopify/Product/8177263935669,ACTIVE,gid://shopify/ProductVariant/45170165317813,Default Title,504223,22,22
jojoba-bead-exfoliating-body-wash-bar,gid://shopify/Product/8185657589941,ACTIVE,gid://shopify/ProductVariant/45209995018421,Default Title,504667,14,14
glycolic-acid-exfoliating-face-and-body-wash,gid://shopify/Product/8185657786549,ACTIVE,gid://shopify/ProductVariant/45209995641013,Default Title,504650,14,14
glass-hair-shine-serum,gid://shopify/Product/8185657983157,ACTIVE,gid://shopify/ProductVariant/45209998000309,Default Title,503998,15,15
cherry-print-cloud-claw-clip-medium,gid://shopify/Product/8187742159029,ACTIVE,gid://shopify/ProductVariant/45218622570677,Default Title,500409,12,12
rustic-vanilla-hair-perfume,gid://shopify/Product/8187742781621,ACTIVE,gid://shopify/ProductVariant/45218623193269,Default Title,500782,20,20
eucalyptus-velvet-xl-heatless-curling-set,gid://shopify/Product/8198313476277,ACTIVE,gid://shopify/ProductVariant/45274656538805,Default Title,68837,22,22
terracotta-plush-microfiber-hair-towel-turban,gid://shopify/Product/8198313541813,ACTIVE,gid://shopify/ProductVariant/45274656604341,Default Title,501680,27,27
gold-metal-barrettes,gid://shopify/Product/8198313574581,ACTIVE,gid://shopify/ProductVariant/45274656637109,Default Title,502717,12,12
gold-metal-pony-pins,gid://shopify/Product/8198313607349,ACTIVE,gid://shopify/ProductVariant/45274656669877,Default Title,502724,14,14
black-ruffle-scrunchie,gid://shopify/Product/8198313640117,ACTIVE,gid://shopify/ProductVariant/45274656702645,Default Title,503332,14,14
camel-ruffle-scrunchie,gid://shopify/Product/8198313705653,ACTIVE,gid://shopify/ProductVariant/45274659455157,Default Title,503837,14,14
black-chocolate-oversized-scrunchies,gid://shopify/Product/8198313738421,ACTIVE,gid://shopify/ProductVariant/45274659487925,Default Title,503349,12,12
cream-camel-oversized-scrunchies,gid://shopify/Product/8198313771189,ACTIVE,gid://shopify/ProductVariant/45274659520693,Default Title,503851,12,12
cream-camel-satin-velvet-headbands,gid://shopify/Product/8198313803957,ACTIVE,gid://shopify/ProductVariant/45274659553461,Default Title,503554,14,14
black-chocolate-satin-velvet-headbands,gid://shopify/Product/8198313836725,ACTIVE,gid://shopify/ProductVariant/45274659586229,Default Title,503813,14,14
black-tort-cloud-cuffs-medium,gid://shopify/Product/8198313869493,ACTIVE,gid://shopify/ProductVariant/45274659618997,Default Title,500928,9,9
black-flat-cloud-clip-large,gid://shopify/Product/8198313902261,ACTIVE,gid://shopify/ProductVariant/45274659651765,Default Title,503561,10,10
black-flat-cloud-clip-medium,gid://shopify/Product/8198313967797,ACTIVE,gid://shopify/ProductVariant/45274659717301,Default Title,503578,9,9
black-flat-cloud-clip-small,gid://shopify/Product/8198314000565,ACTIVE,gid://shopify/ProductVariant/45274659750069,Default Title,503585,8,8
terracotta-checker-oversized-satin-bonnet,gid://shopify/Product/8198314033333,ACTIVE,gid://shopify/ProductVariant/45274659782837,Default Title,505190,22,22
terracotta-velvet-heatless-curling-set,gid://shopify/Product/8198314066101,ACTIVE,gid://shopify/ProductVariant/45274659815605,Default Title,68820,20,20
detangling-flexi-brush-black,gid://shopify/Product/8198339166389,ACTIVE,gid://shopify/ProductVariant/45275222507701,Default Title,504216,22,22
detangling-flexi-brush-soft-violet,gid://shopify/Product/8198339199157,ACTIVE,gid://shopify/ProductVariant/45275222540469,Default Title,504230,22,22
detangling-flexi-brush-haze-blue,gid://shopify/Product/8198339231925,ACTIVE,gid://shopify/ProductVariant/45275222573237,Default Title,504247,22,22
castor-oil-conditioner-bar-saver-bag,gid://shopify/Product/8223418187957,ACTIVE,gid://shopify/ProductVariant/45359939420341,Default Title,506227,5,5
rice-water-protein-conditioner-bar-saver-bag,gid://shopify/Product/8223418253493,ACTIVE,gid://shopify/ProductVariant/45359939518645,Default Title,506241,5,5
castor-oil-shampoo-bar-saver-bag,gid://shopify/Product/8223418319029,ACTIVE,gid://shopify/ProductVariant/45359939584181,Default Title,506234,5,5
rice-water-protein-shampoo-bar-saver-bag,gid://shopify/Product/8223418581173,ACTIVE,gid://shopify/ProductVariant/45359940108469,Default Title,506258,5,5
rosemary-biotin-shampoo-bar-saver-bag,gid://shopify/Product/8223418679477,ACTIVE,gid://shopify/ProductVariant/45359940206773,Default Title,506289,5,5
rosemary-biotin-conditioner-bar-saver-bag,gid://shopify/Product/8223418876085,ACTIVE,gid://shopify/ProductVariant/45359940305077,Default Title,506272,5,5
rice-water-shampoo-for-hair-growth,gid://shopify/Product/8226134098101,ACTIVE,gid://shopify/ProductVariant/45373831184565,Default Title,505886,14,14
rice-water-conditioner-for-hair-growth,gid://shopify/Product/8226134163637,ACTIVE,gid://shopify/ProductVariant/45373831217333,Default Title,505893,16,16
rosemary-biotin-volumizing-shampoo,gid://shopify/Product/8226134196405,ACTIVE,gid://shopify/ProductVariant/45373831250101,Default Title,505909,16,16
rosemary-biotin-volumizing-conditioner,gid://shopify/Product/8226134229173,ACTIVE,gid://shopify/ProductVariant/45373831282869,Default Title,505916,16,16
repairing-argan-oil-shampoo,gid://shopify/Product/8226134360245,ACTIVE,gid://shopify/ProductVariant/45373833806005,Default Title,505923,16,16
repairing-argan-oil-conditioner,gid://shopify/Product/8226135605429,ACTIVE,gid://shopify/ProductVariant/45373838131381,Default Title,505930,16,16
coconut-oil-shampoo-for-dry-damaged-hair,gid://shopify/Product/8226135736501,ACTIVE,gid://shopify/ProductVariant/45373841309877,Default Title,505947,16,16
coconut-oil-conditioner-for-dry-damaged-hair,gid://shopify/Product/8226136162485,ACTIVE,gid://shopify/ProductVariant/45373842522293,Default Title,505954,16,16
oak-amber-hair-perfume,gid://shopify/Product/8231800504501,ACTIVE,gid://shopify/ProductVariant/45396307902645,Default Title,505473,20,20
tea-tree-mint-clarifying-conditioner,gid://shopify/Product/8238712029365,ACTIVE,gid://shopify/ProductVariant/45421225279669,Default Title,507880,16,16
tea-tree-mint-clarifying-shampoo,gid://shopify/Product/8238712455349,ACTIVE,gid://shopify/ProductVariant/45421230096565,Default Title,507873,16,16
the-grinch-x-kitsch-whoville-cookies-hair-perfume,gid://shopify/Product/8239488401589,DRAFT,gid://shopify/ProductVariant/45425154818229,Default Title,503301,22,22
the-grinch-x-kitsch-satin-pillow-scrunchies-r-in-cindy-lou-who,gid://shopify/Product/8241174610101,DRAFT,gid://shopify/ProductVariant/45432099537077,Default Title,503288,20,20
the-grinch-x-kitsch-satin-pillowcase-whoville,gid://shopify/Product/8241247977653,DRAFT,gid://shopify/ProductVariant/45432320196789,Default Title,503226,22,22
the-grinch-x-kitsch-satin-pillowcase-whoville-king,gid://shopify/Product/8241248010421,DRAFT,gid://shopify/ProductVariant/45432320327861,Default Title,503233,26,26
the-grinch-x-kitsch-satin-pillowcase-cindy-lou-who,gid://shopify/Product/8241248043189,DRAFT,gid://shopify/ProductVariant/45432320524469,Default Title,503240,22,22
the-grinch-x-kitsch-satin-pillowcase-cindy-lou-who-king,gid://shopify/Product/8241248075957,DRAFT,gid://shopify/ProductVariant/45432320655541,Default Title,503257,26,26
the-grinch-x-kitsch-gold-bow-french-hair-pin,gid://shopify/Product/8241252466869,DRAFT,gid://shopify/ProductVariant/45432371314869,Default Title,503264,16,16
black-tort-micro-cloud-clip-set,gid://shopify/Product/8242285412533,ACTIVE,gid://shopify/ProductVariant/45437529850037,Default Title,502748,12,12
kitsch-hair-volumizing-clip-2pc-set-terracotta,gid://shopify/Product/8242285445301,ACTIVE,gid://shopify/ProductVariant/45437529981109,Default Title,507811,8,8
star-wars-kitsch-glitter-cloud-clip-in-r2-d2,gid://shopify/Product/10172077113525,ACTIVE,gid://shopify/ProductVariant/51258475675829,Default Title,504445,12,12
star-wars-kitsch-glitter-cloud-clip-in-c-3po,gid://shopify/Product/10172077146293,ACTIVE,gid://shopify/ProductVariant/51258475708597,Default Title,504452,12,12
star-wars-kitsch-glitter-cloud-clip-in-stormtrooper,gid://shopify/Product/10172077211829,ACTIVE,gid://shopify/ProductVariant/51258476003509,Default Title,504476,12,12
star-wars-kitsch-glitter-cloud-clip-in-darth-vader,gid://shopify/Product/10172077244597,ACTIVE,gid://shopify/ProductVariant/51258476036277,Default Title,504469,12,12
star-wars-kitsch-pillow-scrunchies-in-satin-r2-d2-stormtroopers,gid://shopify/Product/10172077310133,ACTIVE,gid://shopify/ProductVariant/51258476265653,Default Title,504483,20,20
star-wars-kitsch-satin-flexi-rods-light-side-vs-dark-side,gid://shopify/Product/10172077408437,ACTIVE,gid://shopify/ProductVariant/51258476462261,Default Title,504490,21,21
star-wars-kitsch-satin-pillowcase-in-r2-d2-c-3po,gid://shopify/Product/10172089827509,ACTIVE,gid://shopify/ProductVariant/51258546815157,Default Title,504407,26,26
star-wars-kitsch-satin-pillowcase-in-rebel-alliance,gid://shopify/Product/10172089860277,ACTIVE,gid://shopify/ProductVariant/51258546847925,Default Title,504421,22,22
star-wars-kitsch-satin-pillowcase-in-darth-vader-stormtroopers,gid://shopify/Product/10172089893045,ACTIVE,gid://shopify/ProductVariant/51258546880693,Default Title,504360,26,26
star-wars-kitsch-satin-pillowcase-in-galactic-empire,gid://shopify/Product/10172089958581,ACTIVE,gid://shopify/ProductVariant/51258549403829,Default Title,504384,26,26
star-wars-kitsch-satin-pillowcase-in-r2-d2-c-3po-king,gid://shopify/Product/10172089991349,ACTIVE,gid://shopify/ProductVariant/51258549436597,Default Title,504414,28,28
star-wars-kitsch-satin-pillowcase-in-rebel-alliance-king,gid://shopify/Product/10172090089653,ACTIVE,gid://shopify/ProductVariant/51258549895349,Default Title,504438,28,28
star-wars-kitsch-satin-pillowcase-in-darth-vader-stormtroopers-king,gid://shopify/Product/10172090122421,ACTIVE,gid://shopify/ProductVariant/51258549928117,Default Title,504377,28,28
star-wars-kitsch-satin-pillowcase-in-galactic-empire-king,gid://shopify/Product/10172099035317,ACTIVE,gid://shopify/ProductVariant/51258597474485,Default Title,504391,28,28
star-wars-kitsch-conditioner-bar-saver-bag-r2-d2,gid://shopify/Product/10172099068085,ACTIVE,gid://shopify/ProductVariant/51258597507253,Default Title,504551,6,6
star-wars-kitsch-shampoo-bar-saver-bag-c-3po,gid://shopify/Product/10172099100853,ACTIVE,gid://shopify/ProductVariant/51258597540021,Default Title,504544,6,6
star-wars-kitsch-body-bar-saver-bag-stormtrooper,gid://shopify/Product/10172099133621,ACTIVE,gid://shopify/ProductVariant/51258597572789,Default Title,504575,6,6
star-wars-kitsch-body-bar-saver-bag-darth-vader,gid://shopify/Product/10172099166389,ACTIVE,gid://shopify/ProductVariant/51258597605557,Default Title,504568,6,6
lisa-frank-x-kitsch-xl-creaseless-clips-in-rainbow-leopard,gid://shopify/Product/10172120891573,ACTIVE,gid://shopify/ProductVariant/51258710196405,Default Title,504353,11,11
lisa-frank-x-kitsch-cloud-clip-in-angel-kitty,gid://shopify/Product/10172120924341,ACTIVE,gid://shopify/ProductVariant/51258710229173,Default Title,503462,12,12
lisa-frank-x-kitsch-cloud-clip-in-markie,gid://shopify/Product/10172120957109,ACTIVE,gid://shopify/ProductVariant/51258710261941,Default Title,503479,12,12
lisa-frank-x-kitsch-glitter-claw-clip-in-dancing-dolphins,gid://shopify/Product/10172120989877,ACTIVE,gid://shopify/ProductVariant/51258710294709,Default Title,503592,14,14
lisa-frank-x-kitsch-glitter-claw-clip-in-zoomer-zorbit,gid://shopify/Product/10172121022645,ACTIVE,gid://shopify/ProductVariant/51258710327477,Default Title,503608,14,14
lisa-frank-x-kitsch-pillow-scrunchies-in-satin-in-the-fantastic-world-of-lisa-frank,gid://shopify/Product/10172121055413,ACTIVE,gid://shopify/ProductVariant/51258710360245,Default Title,503509,20,20
lisa-frank-x-kitsch-ruched-satin-scrunchies-in-rainbow-leopard,gid://shopify/Product/10172121088181,ACTIVE,gid://shopify/ProductVariant/51258710393013,Default Title,503486,11,11
lisa-frank-x-kitsch-satin-pillowcase-in-the-fantastic-world-of-lisa-frank,gid://shopify/Product/10172132622517,ACTIVE,gid://shopify/ProductVariant/51258776846517,Default Title,503387,22,22
lisa-frank-x-kitsch-satin-pillowcase-in-angel-kitty,gid://shopify/Product/10172132688053,ACTIVE,gid://shopify/ProductVariant/51258777043125,Default Title,503448,22,22
lisa-frank-x-kitsch-satin-pillowcase-in-markie,gid://shopify/Product/10172132720821,ACTIVE,gid://shopify/ProductVariant/51258777239733,Default Title,503424,22,22
lisa-frank-x-kitsch-satin-pillowcase-in-rainbow-leopard,gid://shopify/Product/10172132753589,ACTIVE,gid://shopify/ProductVariant/51258777370805,Default Title,503400,26,26
lisa-frank-x-kitsch-satin-pillowcase-in-the-fantastic-world-of-lisa-frank-king,gid://shopify/Product/10172132786357,ACTIVE,gid://shopify/ProductVariant/51258777501877,Default Title,503394,28,28
lisa-frank-x-kitsch-satin-pillowcase-in-angel-kitty-king,gid://shopify/Product/10172132819125,ACTIVE,gid://shopify/ProductVariant/51258777632949,Default Title,503455,28,28
lisa-frank-x-kitsch-satin-pillowcase-in-markie-king,gid://shopify/Product/10172132851893,ACTIVE,gid://shopify/ProductVariant/51258777764021,Default Title,503431,28,28
lisa-frank-x-kitsch-king-satin-pillowcase-rainbow-leopard,gid://shopify/Product/10172132884661,ACTIVE,gid://shopify/ProductVariant/51258777895093,Default Title,503417,28,28
lisa-frank-x-kitsch-dancing-dreams-body-wash-bar,gid://shopify/Product/10172132982965,ACTIVE,gid://shopify/ProductVariant/51258778255541,Default Title,503547,12,12
star-wars-kitsch-rice-water-protein-strengthening-solid-conditioner-r2-d2,gid://shopify/Product/10173115498677,ACTIVE,gid://shopify/ProductVariant/51263277465781,Default Title,504513,16,16
star-wars-kitsch-rice-water-protein-strengthening-solid-shampoo-c-3po,gid://shopify/Product/10173115596981,ACTIVE,gid://shopify/ProductVariant/51263277629621,Default Title,504506,19,19
star-wars-kitsch-shea-butter-moisturizing-solid-body-wash-stormtrooper-swirl,gid://shopify/Product/10173115793589,ACTIVE,gid://shopify/ProductVariant/51263277858997,Default Title,504537,14,14
star-wars-kitsch-charcoal-detoxifying-solid-body-wash-darth-detox,gid://shopify/Product/10173115859125,ACTIVE,gid://shopify/ProductVariant/51263278022837,Default Title,504520,12,12
castor-oil-nourishing-shampoo,gid://shopify/Product/10176874381493,ACTIVE,gid://shopify/ProductVariant/51283097682101,Default Title,505961,16,16
root-lifting-thickening-spray,gid://shopify/Product/10181396136117,ACTIVE,gid://shopify/ProductVariant/51303314522293,Default Title,505985,23,23
blush-contour-pillow-eye-mask,gid://shopify/Product/10182309445813,ACTIVE,gid://shopify/ProductVariant/51307310088373,Default Title,69124,35,35
charcoal-contour-pillow-eye-mask,gid://shopify/Product/10182309609653,ACTIVE,gid://shopify/ProductVariant/51307310350517,Default Title,69131,35,35
spider-metal-rhinestone-hair-clips,gid://shopify/Product/10183196278965,ACTIVE,gid://shopify/ProductVariant/51311682617525,Default Title,500669,10,10
spiderweb-veil-headband,gid://shopify/Product/10183196475573,ACTIVE,gid://shopify/ProductVariant/51311683305653,Default Title,500706,12,12
black-cat-lace-headband-mask,gid://shopify/Product/10183196508341,ACTIVE,gid://shopify/ProductVariant/51311683436725,Default Title,500690,12,12
spiderweb-cloud-scrunchies,gid://shopify/Product/10183196573877,DRAFT,gid://shopify/ProductVariant/51311683567797,Default Title,500737,12,12
kitsch-compact-mirror-keychain-terracotta,gid://shopify/Product/10184817803445,ACTIVE,gid://shopify/ProductVariant/51325254107317,Default Title,507583,22,22
terracotta-arch-desk-mirror,gid://shopify/Product/10184817836213,ACTIVE,gid://shopify/ProductVariant/51325254205621,Default Title,507569,38,38
holiday-white-gemstone-bobby-pins,gid://shopify/Product/10187850186933,ACTIVE,gid://shopify/ProductVariant/51367622049973,Default Title,503721,8,8
holiday-gemstone-and-bow-bobby-pins,gid://shopify/Product/10187850252469,ACTIVE,gid://shopify/ProductVariant/51367622246581,Default Title,504612,10,10
holiday-white-rhinestone-cloud-cuff-medium,gid://shopify/Product/10187850285237,ACTIVE,gid://shopify/ProductVariant/51367622344885,Default Title,504629,10,10
holiday-gemstone-french-hair-pin,gid://shopify/Product/10187850416309,ACTIVE,gid://shopify/ProductVariant/51367623065781,Default Title,503714,16,16
holiday-velvet-gemstone-bow-hair-clip,gid://shopify/Product/10187850449077,ACTIVE,gid://shopify/ProductVariant/51367623131317,Default Title,503660,12,12
satin-rhinestone-bow-scrunchie,gid://shopify/Product/10187850580149,ACTIVE,gid://shopify/ProductVariant/51367623393461,Default Title,503677,12,12
satin-pillowcase-in-striped-bows,gid://shopify/Product/10187850678453,DRAFT,gid://shopify/ProductVariant/51367623557301,Default Title,503653,20,20
holiday-red-pink-bubble-hair-ties,gid://shopify/Product/10187850743989,ACTIVE,gid://shopify/ProductVariant/51367623688373,Default Title,503738,12,12
red-pink-green-velvet-headbands,gid://shopify/Product/10187850875061,ACTIVE,gid://shopify/ProductVariant/51367624179893,Default Title,503745,10,10
skeleton-flat-claw-clips,gid://shopify/Product/10192100688053,DRAFT,gid://shopify/ProductVariant/51427238019253,Default Title,500980,10,10
black-tort-cloud-cuffs-small,gid://shopify/Product/10195492405429,ACTIVE,gid://shopify/ProductVariant/51448068964533,Default Title,502731,8,8
moisturizing-coconut-oil-deep-conditioning-mask,gid://shopify/Product/10195505119413,ACTIVE,gid://shopify/ProductVariant/51448191189173,Default Title,504742,20,20
black-active-headbands,gid://shopify/Product/10197565178037,ACTIVE,gid://shopify/ProductVariant/51462035079349,Default Title,505718,10,10
kojic-acid-face-body-cleansing-pads,gid://shopify/Product/10200047780021,ACTIVE,gid://shopify/ProductVariant/51473324474549,Default Title,507682,23,23
kitsch-set-flow-active-headband-heather-gray,gid://shopify/Product/10200085102773,ACTIVE,gid://shopify/ProductVariant/51473509712053,Default Title,506470,28,28
kitsch-set-flow-active-headband-chocolate-brown,gid://shopify/Product/10200170037429,ACTIVE,gid://shopify/ProductVariant/51473892933813,Default Title,506487,28,28
mini-black-detangling-flexi-brush,gid://shopify/Product/10201101697205,ACTIVE,gid://shopify/ProductVariant/51476883898549,Default Title,504797,10,10
mini-haze-blue-detangling-flexi-brush,gid://shopify/Product/10201101762741,ACTIVE,gid://shopify/ProductVariant/51476884029621,Default Title,504827,10,10
mini-terracotta-detangling-flexi-brush,gid://shopify/Product/10201101795509,ACTIVE,gid://shopify/ProductVariant/51476884127925,Default Title,504803,10,10
black-smooth-polish-brush,gid://shopify/Product/10208291717301,ACTIVE,gid://shopify/ProductVariant/51577142149301,Default Title,505763,22,22
terracotta-smooth-polish-brush,gid://shopify/Product/10208291815605,ACTIVE,gid://shopify/ProductVariant/51577142247605,Default Title,505770,22,22
soft-violet-smooth-polish-brush,gid://shopify/Product/10208291913909,ACTIVE,gid://shopify/ProductVariant/51577142345909,Default Title,505787,22,22
haze-blue-smooth-polish-brush,gid://shopify/Product/10208292012213,ACTIVE,gid://shopify/ProductVariant/51577142444213,Default Title,505794,22,22
scalp-renewal-brush-terracotta,gid://shopify/Product/10209243627701,ACTIVE,gid://shopify/ProductVariant/51580145139893,Default Title,505855,12,12
detail-define-styling-brush-set,gid://shopify/Product/10209464352949,ACTIVE,gid://shopify/ProductVariant/51580720775349,Default Title,505848 DTC,10,10
recycled-plastic-wet-dry-brush-black,gid://shopify/Product/10209881686197,ACTIVE,gid://shopify/ProductVariant/51582244028597,Default Title,505800,16,16
recycled-plastic-wet-dry-brush-terracotta,gid://shopify/Product/10209881718965,ACTIVE,gid://shopify/ProductVariant/51582244061365,Default Title,505817,19,19
recycled-plastic-wet-dry-brush-soft-violet,gid://shopify/Product/10209918582965,ACTIVE,gid://shopify/ProductVariant/51582325686453,Default Title,505824,16,16
recycled-plastic-wet-dry-brush-haze-blue,gid://shopify/Product/10209918615733,ACTIVE,gid://shopify/ProductVariant/51582325719221,Default Title,505831,19,19
tula-rose-hair-perfume,gid://shopify/Product/10216664531125,ACTIVE,gid://shopify/ProductVariant/51621564711093,Default Title,506333,20,20
kitsch-large-thermal-round-brush-haze-blue,gid://shopify/Product/10229033697461,ACTIVE,gid://shopify/ProductVariant/51716733501621,Default Title,504285,49.99,79.99
glazey-satin-lined-beanie-black,gid://shopify/Product/10235351630005,ACTIVE,gid://shopify/ProductVariant/51775446024373,Default Title,507606,22,22
glazey-satin-lined-beanie-blush,gid://shopify/Product/10235351662773,DRAFT,gid://shopify/ProductVariant/51775446057141,Default Title,507644,22,22
humidity-blocking-frizz-shield-spray,gid://shopify/Product/10239030034613,ACTIVE,gid://shopify/ProductVariant/51800858263733,Default Title,505992,26,26
african-net-sponge-rosewood,gid://shopify/Product/10239176900789,ACTIVE,gid://shopify/ProductVariant/51801099960501,Default Title,507705,10,10
african-net-sponge-berry-pink,gid://shopify/Product/10239176933557,ACTIVE,gid://shopify/ProductVariant/51801099993269,Default Title,507712,10,10
african-net-sponge-aqua-grey,gid://shopify/Product/10239176999093,ACTIVE,gid://shopify/ProductVariant/51801100058805,Default Title,507736,10,10
satin-pillow-scrunchies-4pc-black,gid://shopify/Product/10239177064629,ACTIVE,gid://shopify/ProductVariant/51801100124341,Default Title,507750,25,25
metal-enamel-keychain-terracotta-scrunchie,gid://shopify/Product/10239202066613,ACTIVE,gid://shopify/ProductVariant/51801194889397,Default Title,508818,9.99,9.99
metal-enamel-keychain-warm-sugar,gid://shopify/Product/10239202099381,ACTIVE,gid://shopify/ProductVariant/51801194987701,Default Title,508825,9.99,9.99
metal-enamel-keychain-cloud-clip-haze-blue,gid://shopify/Product/10239202132149,ACTIVE,gid://shopify/ProductVariant/51801195086005,Default Title,508832,9.99,9.99
satin-pillow-scrunchies-4pc-blush,gid://shopify/Product/10244866867381,ACTIVE,gid://shopify/ProductVariant/51815611924661,Default Title,507743,25,25
rice-water-protein-restoring-face-body-wash-bar,gid://shopify/Product/10247970717877,ACTIVE,gid://shopify/ProductVariant/51824712089781,Default Title,506302,14,14
kitsch-beachy-gelato-hair-perfume,gid://shopify/Product/10249342714037,ACTIVE,gid://shopify/ProductVariant/51829095202997,Default Title,509693,20,20
coastal-sorbet-hair-perfume,gid://shopify/Product/10249342746805,ACTIVE,gid://shopify/ProductVariant/51829095235765,Default Title,509709,20,20
kitschpop-paddle-brush-terracotta,gid://shopify/Product/10262850994357,ACTIVE,gid://shopify/ProductVariant/51907478061237,Default Title,508344,22,22
kitschpop-paddle-brush-haze-blue,gid://shopify/Product/10262851027125,ACTIVE,gid://shopify/ProductVariant/51907478126773,Default Title,511207,22,22
kitschpop-paddle-brush-soft-violet,gid://shopify/Product/10262851059893,ACTIVE,gid://shopify/ProductVariant/51907478159541,Default Title,511214,22,22
kitschpop-cloud-clip-charms-in-pearlized-cream,gid://shopify/Product/10262851092661,ACTIVE,gid://shopify/ProductVariant/51907478192309,Default Title,509129,20,20
kitschpop-curved-claw-clip-charms-in-pearlized-cream,gid://shopify/Product/10262851125429,ACTIVE,gid://shopify/ProductVariant/51907478388917,Default Title,509136,20,20
kitschpop-cloud-clip-charms-in-vintage-black,gid://shopify/Product/10262851158197,ACTIVE,gid://shopify/ProductVariant/51907478421685,Default Title,509167,20,20
kitschpop-curved-claw-clip-7pc-set-vintage-black,gid://shopify/Product/10262851223733,ACTIVE,gid://shopify/ProductVariant/51907479077045,Default Title,509174,20,20
kitschpop-charms-in-vintage-ivory,gid://shopify/Product/10273473102005,ACTIVE,gid://shopify/ProductVariant/51932462088373,Default Title,509082,14,14
kitschpop-charms-in-vintage-pink,gid://shopify/Product/10273473134773,ACTIVE,gid://shopify/ProductVariant/51932462121141,Default Title,509099,14,14
kitschpop-charms-in-vintage-black,gid://shopify/Product/10273473167541,ACTIVE,gid://shopify/ProductVariant/51932462153909,Default Title,510590,14,14
kitschpop-charms-in-vintage-emerald,gid://shopify/Product/10273473331381,ACTIVE,gid://shopify/ProductVariant/51932462612661,Default Title,510606,14,14
blush-petal-hair-elastics,gid://shopify/Product/10279860895925,ACTIVE,gid://shopify/ProductVariant/51953241030837,Default Title,508733,10,10
black-satin-ultra-petite-scrunchies-6pc-set,gid://shopify/Product/10289302700213,DRAFT,gid://shopify/ProductVariant/51995745321141,Default Title,509679,10,10
satin-ultra-petite-scrunchies-6pc-set-mocha,gid://shopify/Product/10289302732981,DRAFT,gid://shopify/ProductVariant/51995745353909,Default Title,509686,10,10
rosewood-seamless-hair-elastics-12pc-set,gid://shopify/Product/10289302765749,ACTIVE,gid://shopify/ProductVariant/51995745386677,Default Title,509624,8,8
sedona-seamless-hair-elastics-12pc-set,gid://shopify/Product/10289302864053,ACTIVE,gid://shopify/ProductVariant/51995745484981,Default Title,509631,8,8
bridgerton-x-kitsch-standard-satin-pillowcase-garden-toile,gid://shopify/Product/10295550935221,ACTIVE,gid://shopify/ProductVariant/52025811665077,Default Title,507378,22,22
bridgerton-x-kitsch-standard-satin-pillowcase-wisteria,gid://shopify/Product/10295551033525,ACTIVE,gid://shopify/ProductVariant/52025811730613,Default Title,507392,22,22
bridgerton-x-kitsch-king-satin-pillowcase-garden-toile,gid://shopify/Product/10295571022005,ACTIVE,gid://shopify/ProductVariant/52025826967733,Default Title,507385,28,28
bridgerton-x-kitsch-king-satin-pillowcase-wisteria,gid://shopify/Product/10295571120309,ACTIVE,gid://shopify/ProductVariant/52025827098805,Default Title,507408,28,28
bridgerton-x-kitsch-satin-rosette-medium-flat-cloud-clip-wisteria,gid://shopify/Product/10295571218613,ACTIVE,gid://shopify/ProductVariant/52025828802741,Default Title,507415,16,16
bridgerton-x-kitsch-recycled-plastic-creaseless-clips-4pc-set-toile-in-bloom,gid://shopify/Product/10295571251381,ACTIVE,gid://shopify/ProductVariant/52025828868277,Default Title,508900,16,16
bridgerton-x-kitsch-satin-lined-flexi-shower-cap-wisteria,gid://shopify/Product/10295571284149,ACTIVE,gid://shopify/ProductVariant/52025828901045,Default Title,508917,26,26
bridgerton-x-kitsch-pillow-scrunchies-r-in-satin-2pc-set-toile-in-bloom,gid://shopify/Product/10295571316917,ACTIVE,gid://shopify/ProductVariant/52025828933813,Default Title,507439,23,23
bridgerton-x-kitsch-breathable-satin-bonnet-garden-toile,gid://shopify/Product/10295571349685,ACTIVE,gid://shopify/ProductVariant/52025828966581,Default Title,507422,24,24
smooth-polish-brush-coastal-blue-print,gid://shopify/Product/10300699967669,ACTIVE,gid://shopify/ProductVariant/52049375756469,Default Title,509501,18,18
coastal-cottage-multi-color-ruched-satin-scrunchies,gid://shopify/Product/10300700000437,ACTIVE,gid://shopify/ProductVariant/52049375789237,Default Title,509235,12,12
pearlized-cream-butter-yellow-jelly-cloud-clips-mini,gid://shopify/Product/10300700065973,ACTIVE,gid://shopify/ProductVariant/52049376215221,Default Title,509259,12,12
metal-clam-shell-french-hair-pin-gold,gid://shopify/Product/10300700164277,ACTIVE,gid://shopify/ProductVariant/52049376477365,Default Title,509303,16,16
metal-clam-shell-hair-clip-2pc-set-gold-pearlized-cream,gid://shopify/Product/10300707733685,ACTIVE,gid://shopify/ProductVariant/52049408950453,Default Title,509297,14,14
satin-pillowcase-in-pearlized-cream-coastal-blue-print,gid://shopify/Product/10300707799221,ACTIVE,gid://shopify/ProductVariant/52049409376437,Default Title,509525,23,23
crochet-scrunchie-butter-yellow,gid://shopify/Product/10300707831989,ACTIVE,gid://shopify/ProductVariant/52049409409205,Default Title,509334,14,14
crochet-scrunchie-seafoam-blue,gid://shopify/Product/10300707864757,ACTIVE,gid://shopify/ProductVariant/52049409441973,Default Title,509341,14,14
pearlized-cream-coastal-blue-print-oversized-satin-bonnet,gid://shopify/Product/10300707897525,ACTIVE,gid://shopify/ProductVariant/52049409474741,Default Title,509518,22,22
kitschpop-cloud-clip-7pc-set-coastal-cottage-butter-yellow,gid://shopify/Product/10300765995189,ACTIVE,gid://shopify/ProductVariant/52049638588597,Default Title,509402,20,20
kitschpop-coastal-cottage-collection-6pc-set,gid://shopify/Product/10300775039157,ACTIVE,gid://shopify/ProductVariant/52049707172021,Default Title,509488,14,14
coastal-blue-plush-microfiber-hair-towel-turban-with-bow,gid://shopify/Product/10300775104693,ACTIVE,gid://shopify/ProductVariant/52049707237557,Default Title,510651,30,30
kitsch-amber-shores-hair-perfume-20-ml,gid://shopify/Product/10312710848693,ACTIVE,gid://shopify/ProductVariant/52091871953077,Default Title,512976,10,10
soft-violet-detangling-flexi-brush-mini,gid://shopify/Product/10313314992309,ACTIVE,gid://shopify/ProductVariant/52093891641525,Default Title,504810,10,10
castor-oil-nourishing-conditioner,gid://shopify/Product/10315739300021,ACTIVE,gid://shopify/ProductVariant/52107606098101,Default Title,505978,16,16
black-rosette-ruched-satin-scrunchies,gid://shopify/Product/10316334825653,ACTIVE,gid://shopify/ProductVariant/52109660913845,Default Title,508559,14,14
terracotta-rosette-ruched-satin-scrunchies,gid://shopify/Product/10316335284405,ACTIVE,gid://shopify/ProductVariant/52109663994037,Default Title,508566,14,14
gold-mini-metal-french-hair-pin-clips,gid://shopify/Product/10316335775925,ACTIVE,gid://shopify/ProductVariant/52109668352181,Default Title,508689,16,16
silver-mini-metal-french-hair-pin-clips,gid://shopify/Product/10316335939765,ACTIVE,gid://shopify/ProductVariant/52109669695669,Default Title,508696,16,16
satin-rosette-flat-cloud-clip-in-black-medium,gid://shopify/Product/10316336365749,ACTIVE,gid://shopify/ProductVariant/52109673332917,Default Title,508627,14,14
satin-rosette-flat-cloud-clip-in-chocolate-medium,gid://shopify/Product/10316336660661,ACTIVE,gid://shopify/ProductVariant/52109675987125,Default Title,508603,14,14
satin-rosette-flat-cloud-clip-in-terracotta-medium,gid://shopify/Product/10316337053877,ACTIVE,gid://shopify/ProductVariant/52109679624373,Default Title,508610,14,14
satin-rosette-flat-cloud-clip-in-cream-medium,gid://shopify/Product/10316337447093,ACTIVE,gid://shopify/ProductVariant/52109683425461,Default Title,508597,14,14
recycled-fabric-ruffle-scrunchie-blush,gid://shopify/Product/10316466127029,DRAFT,gid://shopify/ProductVariant/52110898004149,Default Title,511221,14,14
kitsch-set-flow-active-heatless-curling-headband-terracotta,gid://shopify/Product/10325356740789,ACTIVE,gid://shopify/ProductVariant/52133534269621,Default Title,510194,24,24
amber-shores-cleansing-body-wash-bar,gid://shopify/Product/10328869732533,ACTIVE,gid://shopify/ProductVariant/52147116245173,Default Title,506425,8,8
black-set-flow-active-headband,gid://shopify/Product/10329445761205,ACTIVE,gid://shopify/ProductVariant/52150105768117,Default Title,506463,28,28
warm-sugar-cleansing-body-wash-bar,gid://shopify/Product/10336533381301,ACTIVE,gid://shopify/ProductVariant/52167997096117,Default Title,506432,8,8
black-petal-hair-elastics,gid://shopify/Product/10342149750965,ACTIVE,gid://shopify/ProductVariant/52186666303669,Default Title,508726,10,10
black-ribbed-hair-elastics,gid://shopify/Product/10342149947573,ACTIVE,gid://shopify/ProductVariant/52186666500277,Default Title,508757,10,10
blush-ribbed-hair-elastics,gid://shopify/Product/10342150111413,ACTIVE,gid://shopify/ProductVariant/52186666664117,Default Title,508764,12,12
chocolate-seamless-hair-elastics-20pc-set,gid://shopify/Product/10342150275253,ACTIVE,gid://shopify/ProductVariant/52186666827957,Default Title,508740,8,8
gold-metal-barrette-french-hair-pin-mini,gid://shopify/Product/10342150471861,ACTIVE,gid://shopify/ProductVariant/52186667221173,Default Title,508641,14,14
soft-santal-hair-body-perfume-mist,gid://shopify/Product/10346144563381,ACTIVE,gid://shopify/ProductVariant/52197794513077,Default Title,512785,20,20
gold-bow-french-hair-pin-mini,gid://shopify/Product/10362947862709,ACTIVE,gid://shopify/ProductVariant/52262889685173,Default Title,507545,14,14
satin-pillowcase-in-blush,gid://shopify/Product/10364627419317,DRAFT,gid://shopify/ProductVariant/52267811340469,Default Title,4969,19,19
detox-shampoo-bar,gid://shopify/Product/10378204315829,ACTIVE,gid://shopify/ProductVariant/52324062167221,Default Title,508252,16,16
quick-dry-bath-mat-camel,gid://shopify/Product/10464122667189,ACTIVE,gid://shopify/ProductVariant/52678409420981,Default Title,515564,15,15
quick-dry-bath-mat-in-gray,gid://shopify/Product/10464135315637,ACTIVE,gid://shopify/ProductVariant/52678442713269,Default Title,515571,15,15
velvet-glitter-tulle-headband-black,gid://shopify/Product/10475980554421,ACTIVE,gid://shopify/ProductVariant/52729056559285,Default Title,510484,12,12
satin-cat-ears-headband-black-glitter,gid://shopify/Product/10475980685493,ACTIVE,gid://shopify/ProductVariant/52729056690357,Default Title,513188,12,12
ruched-satin-scrunchies-5pc-set-ghosts-pumpkins,gid://shopify/Product/10475980783797,ACTIVE,gid://shopify/ProductVariant/52729056788661,Default Title,512006,10,10
mini-claw-clips-6pc-set-halloween-squad,gid://shopify/Product/10475980849333,ACTIVE,gid://shopify/ProductVariant/52729056854197,Default Title,512020,10,10
recycled-plastic-glitter-claw-clip-ghosts,gid://shopify/Product/10475980980405,ACTIVE,gid://shopify/ProductVariant/52729057083573,Default Title,512037,10,10
metal-gift-bow-bobby-pins-4pc-set-red-gold,gid://shopify/Product/10475981078709,DRAFT,gid://shopify/ProductVariant/52729057181877,Default Title,511887,10,10
holiday-scrunchies-3pc-set-multi-color,gid://shopify/Product/10475981209781,DRAFT,gid://shopify/ProductVariant/52729057312949,Default Title,511917,10,10
mini-claw-clips-6pc-set-holiday,gid://shopify/Product/10475981275317,DRAFT,gid://shopify/ProductVariant/52729057444021,Default Title,513324,10,10
standard-satin-pillowcase-holiday,gid://shopify/Product/10475981701301,DRAFT,gid://shopify/ProductVariant/52729058197685,Default Title,511931,20,20
warm-sugar-mini-hair-perfume-20-ml,gid://shopify/Product/10476860932277,ACTIVE,gid://shopify/ProductVariant/52731520188597,Default Title,512075,10,10
holiday-ruched-satin-scrunchies-7pc-set,gid://shopify/Product/10485253603509,DRAFT,gid://shopify/ProductVariant/52762826670261,Default Title,513362,10,10
medium-moisturizing-heel-socks-terracotta-checker,gid://shopify/Product/10496914686133,ACTIVE,gid://shopify/ProductVariant/52806476103861,Default Title,515625,9.99,9.99
large-moisturizing-heel-socks-terracotta-checker,gid://shopify/Product/10496929988789,ACTIVE,gid://shopify/ProductVariant/52806555959477,Default Title,516158,9.99,9.99
gingham-blue-xl-hair-towel-wrap,gid://shopify/Product/10496955449525,ACTIVE,gid://shopify/ProductVariant/52806641287349,Default Title,513690,26,26
gingham-blue-satin-lined-flexi-shower-cap,gid://shopify/Product/10496959152309,ACTIVE,gid://shopify/ProductVariant/52806658392245,Default Title,513706,24,24
black-lymphatic-contour-face-brush,gid://shopify/Product/10496963248309,ACTIVE,gid://shopify/ProductVariant/52806679724213,Default Title,515595,10,10
terracotta-lymphatic-contour-face-brush,gid://shopify/Product/10496970457269,ACTIVE,gid://shopify/ProductVariant/52806711410869,Default Title,515601,10,10
satin-pillowcase-in-gingham-blue,gid://shopify/Product/10496979239093,ACTIVE,gid://shopify/ProductVariant/52806747488437,Default Title,513652,29,29
recycled-plastic-zigzag-headbands-2pc-set-gold-red,gid://shopify/Product/10498861957301,DRAFT,gid://shopify/ProductVariant/52815428714677,Default Title,514840,10,10
recycled-plastic-zigzag-headbands-2pc-set-gold-silver,gid://shopify/Product/10498861990069,DRAFT,gid://shopify/ProductVariant/52815428747445,Default Title,513355,10,10
ruched-satin-scrunchies-5pc-set-cream-court-green-navy-blue,gid://shopify/Product/10504080654517,ACTIVE,gid://shopify/ProductVariant/52830025875637,Default Title,512914,10,10
clear-black-no-snag-elastics-cutter-set,gid://shopify/Product/10505327247541,ACTIVE,gid://shopify/ProductVariant/52836993433781,Default Title,514222,9,9
satin-bow-hair-clip-cream,gid://shopify/Product/10505327345845,ACTIVE,gid://shopify/ProductVariant/52836993532085,Default Title,512938,12,12
recycled-fabric-active-headbands-3pc-set-cream-court-green-navy-blue,gid://shopify/Product/10525318545589,ACTIVE,gid://shopify/ProductVariant/52868621729973,Default Title,512891,12,12
kitsch-spa-headband-and-wristlets-3pc-set-terracotta-24,gid://shopify/Product/10538843570357,ACTIVE,gid://shopify/ProductVariant/52924141306037,Default Title,513102,15,15